ISO-10303-21;
HEADER;
/* Generated by software containing ST-Developer
 * from STEP Tools, Inc. (www.steptools.com) 
 */

FILE_DESCRIPTION(
/* description */ (''),
/* implementation_level */ '2;1');

FILE_NAME(
/* name */ '4040B 40x40mm Type-B Profile v5.step',
/* time_stamp */ '2024-10-03T21:31:27+02:00',
/* author */ (''),
/* organization */ (''),
/* preprocessor_version */ 'ST-DEVELOPER v20',
/* originating_system */ 'Autodesk Translation Framework v13.20.0.188',

/* authorisation */ '');

FILE_SCHEMA (('AUTOMOTIVE_DESIGN { 1 0 10303 214 3 1 1 }'));
ENDSEC;

DATA;
#10=MECHANICAL_DESIGN_GEOMETRIC_PRESENTATION_REPRESENTATION('',(#13),#3671);
#11=SHAPE_REPRESENTATION_RELATIONSHIP('SRR','None',#3677,#12);
#12=ADVANCED_BREP_SHAPE_REPRESENTATION('',(#14),#3670);
#13=STYLED_ITEM('',(#3686),#14);
#14=MANIFOLD_SOLID_BREP('4040B 40x40mm Type-B Profile',#2263);
#15=FACE_BOUND('',#316,.T.);
#16=FACE_BOUND('',#317,.T.);
#17=FACE_BOUND('',#318,.T.);
#18=FACE_BOUND('',#319,.T.);
#19=FACE_BOUND('',#320,.T.);
#20=FACE_BOUND('',#322,.T.);
#21=FACE_BOUND('',#323,.T.);
#22=FACE_BOUND('',#324,.T.);
#23=FACE_BOUND('',#325,.T.);
#24=FACE_BOUND('',#326,.T.);
#25=CIRCLE('',#2269,5.135);
#26=CIRCLE('',#2270,5.135);
#27=CIRCLE('',#2275,5.135);
#28=CIRCLE('',#2276,5.135);
#29=CIRCLE('',#2281,5.135);
#30=CIRCLE('',#2282,5.135);
#31=CIRCLE('',#2287,5.135);
#32=CIRCLE('',#2288,5.135);
#33=CIRCLE('',#2291,0.999999999998666);
#34=CIRCLE('',#2292,0.999999999998666);
#35=CIRCLE('',#2295,1.00000000000663);
#36=CIRCLE('',#2296,1.00000000000663);
#37=CIRCLE('',#2299,1.00000000001607);
#38=CIRCLE('',#2300,1.00000000001607);
#39=CIRCLE('',#2303,0.999999999988237);
#40=CIRCLE('',#2304,0.999999999988237);
#41=CIRCLE('',#2307,0.999999999996788);
#42=CIRCLE('',#2308,0.999999999996788);
#43=CIRCLE('',#2311,1.00000000000175);
#44=CIRCLE('',#2312,1.00000000000175);
#45=CIRCLE('',#2315,1.00000000000601);
#46=CIRCLE('',#2316,1.00000000000601);
#47=CIRCLE('',#2319,0.999999999994106);
#48=CIRCLE('',#2320,0.999999999994106);
#49=CIRCLE('',#2323,0.999999999999999);
#50=CIRCLE('',#2324,0.999999999999999);
#51=CIRCLE('',#2327,0.999999999999976);
#52=CIRCLE('',#2328,0.999999999999976);
#53=CIRCLE('',#2331,0.999999999999992);
#54=CIRCLE('',#2332,0.999999999999992);
#55=CIRCLE('',#2335,0.999999999999996);
#56=CIRCLE('',#2336,0.999999999999996);
#57=CIRCLE('',#2339,1.);
#58=CIRCLE('',#2340,1.);
#59=CIRCLE('',#2343,1.);
#60=CIRCLE('',#2344,1.);
#61=CIRCLE('',#2347,1.);
#62=CIRCLE('',#2348,1.);
#63=CIRCLE('',#2351,1.);
#64=CIRCLE('',#2352,1.);
#65=CIRCLE('',#2367,3.00000000000099);
#66=CIRCLE('',#2368,3.00000000000099);
#67=CIRCLE('',#2384,3.00000000017692);
#68=CIRCLE('',#2385,3.00000000017692);
#69=CIRCLE('',#2401,3.00000000050256);
#70=CIRCLE('',#2402,3.00000000050256);
#71=CIRCLE('',#2418,3.);
#72=CIRCLE('',#2419,3.);
#73=CYLINDRICAL_SURFACE('',#2268,5.135);
#74=CYLINDRICAL_SURFACE('',#2274,5.135);
#75=CYLINDRICAL_SURFACE('',#2280,5.135);
#76=CYLINDRICAL_SURFACE('',#2286,5.135);
#77=CYLINDRICAL_SURFACE('',#2290,0.999999999998666);
#78=CYLINDRICAL_SURFACE('',#2294,1.00000000000663);
#79=CYLINDRICAL_SURFACE('',#2298,1.00000000001607);
#80=CYLINDRICAL_SURFACE('',#2302,0.999999999988237);
#81=CYLINDRICAL_SURFACE('',#2306,0.999999999996788);
#82=CYLINDRICAL_SURFACE('',#2310,1.00000000000175);
#83=CYLINDRICAL_SURFACE('',#2314,1.00000000000601);
#84=CYLINDRICAL_SURFACE('',#2318,0.999999999994106);
#85=CYLINDRICAL_SURFACE('',#2322,0.999999999999999);
#86=CYLINDRICAL_SURFACE('',#2326,0.999999999999976);
#87=CYLINDRICAL_SURFACE('',#2330,0.999999999999992);
#88=CYLINDRICAL_SURFACE('',#2334,0.999999999999996);
#89=CYLINDRICAL_SURFACE('',#2338,1.);
#90=CYLINDRICAL_SURFACE('',#2342,1.);
#91=CYLINDRICAL_SURFACE('',#2346,1.);
#92=CYLINDRICAL_SURFACE('',#2350,1.);
#93=CYLINDRICAL_SURFACE('',#2366,3.00000000000099);
#94=CYLINDRICAL_SURFACE('',#2383,3.00000000017692);
#95=CYLINDRICAL_SURFACE('',#2400,3.00000000050256);
#96=CYLINDRICAL_SURFACE('',#2417,3.);
#97=FACE_OUTER_BOUND('',#207,.T.);
#98=FACE_OUTER_BOUND('',#208,.T.);
#99=FACE_OUTER_BOUND('',#209,.T.);
#100=FACE_OUTER_BOUND('',#210,.T.);
#101=FACE_OUTER_BOUND('',#211,.T.);
#102=FACE_OUTER_BOUND('',#212,.T.);
#103=FACE_OUTER_BOUND('',#213,.T.);
#104=FACE_OUTER_BOUND('',#214,.T.);
#105=FACE_OUTER_BOUND('',#215,.T.);
#106=FACE_OUTER_BOUND('',#216,.T.);
#107=FACE_OUTER_BOUND('',#217,.T.);
#108=FACE_OUTER_BOUND('',#218,.T.);
#109=FACE_OUTER_BOUND('',#219,.T.);
#110=FACE_OUTER_BOUND('',#220,.T.);
#111=FACE_OUTER_BOUND('',#221,.T.);
#112=FACE_OUTER_BOUND('',#222,.T.);
#113=FACE_OUTER_BOUND('',#223,.T.);
#114=FACE_OUTER_BOUND('',#224,.T.);
#115=FACE_OUTER_BOUND('',#225,.T.);
#116=FACE_OUTER_BOUND('',#226,.T.);
#117=FACE_OUTER_BOUND('',#227,.T.);
#118=FACE_OUTER_BOUND('',#228,.T.);
#119=FACE_OUTER_BOUND('',#229,.T.);
#120=FACE_OUTER_BOUND('',#230,.T.);
#121=FACE_OUTER_BOUND('',#231,.T.);
#122=FACE_OUTER_BOUND('',#232,.T.);
#123=FACE_OUTER_BOUND('',#233,.T.);
#124=FACE_OUTER_BOUND('',#234,.T.);
#125=FACE_OUTER_BOUND('',#235,.T.);
#126=FACE_OUTER_BOUND('',#236,.T.);
#127=FACE_OUTER_BOUND('',#237,.T.);
#128=FACE_OUTER_BOUND('',#238,.T.);
#129=FACE_OUTER_BOUND('',#239,.T.);
#130=FACE_OUTER_BOUND('',#240,.T.);
#131=FACE_OUTER_BOUND('',#241,.T.);
#132=FACE_OUTER_BOUND('',#242,.T.);
#133=FACE_OUTER_BOUND('',#243,.T.);
#134=FACE_OUTER_BOUND('',#244,.T.);
#135=FACE_OUTER_BOUND('',#245,.T.);
#136=FACE_OUTER_BOUND('',#246,.T.);
#137=FACE_OUTER_BOUND('',#247,.T.);
#138=FACE_OUTER_BOUND('',#248,.T.);
#139=FACE_OUTER_BOUND('',#249,.T.);
#140=FACE_OUTER_BOUND('',#250,.T.);
#141=FACE_OUTER_BOUND('',#251,.T.);
#142=FACE_OUTER_BOUND('',#252,.T.);
#143=FACE_OUTER_BOUND('',#253,.T.);
#144=FACE_OUTER_BOUND('',#254,.T.);
#145=FACE_OUTER_BOUND('',#255,.T.);
#146=FACE_OUTER_BOUND('',#256,.T.);
#147=FACE_OUTER_BOUND('',#257,.T.);
#148=FACE_OUTER_BOUND('',#258,.T.);
#149=FACE_OUTER_BOUND('',#259,.T.);
#150=FACE_OUTER_BOUND('',#260,.T.);
#151=FACE_OUTER_BOUND('',#261,.T.);
#152=FACE_OUTER_BOUND('',#262,.T.);
#153=FACE_OUTER_BOUND('',#263,.T.);
#154=FACE_OUTER_BOUND('',#264,.T.);
#155=FACE_OUTER_BOUND('',#265,.T.);
#156=FACE_OUTER_BOUND('',#266,.T.);
#157=FACE_OUTER_BOUND('',#267,.T.);
#158=FACE_OUTER_BOUND('',#268,.T.);
#159=FACE_OUTER_BOUND('',#269,.T.);
#160=FACE_OUTER_BOUND('',#270,.T.);
#161=FACE_OUTER_BOUND('',#271,.T.);
#162=FACE_OUTER_BOUND('',#272,.T.);
#163=FACE_OUTER_BOUND('',#273,.T.);
#164=FACE_OUTER_BOUND('',#274,.T.);
#165=FACE_OUTER_BOUND('',#275,.T.);
#166=FACE_OUTER_BOUND('',#276,.T.);
#167=FACE_OUTER_BOUND('',#277,.T.);
#168=FACE_OUTER_BOUND('',#278,.T.);
#169=FACE_OUTER_BOUND('',#279,.T.);
#170=FACE_OUTER_BOUND('',#280,.T.);
#171=FACE_OUTER_BOUND('',#281,.T.);
#172=FACE_OUTER_BOUND('',#282,.T.);
#173=FACE_OUTER_BOUND('',#283,.T.);
#174=FACE_OUTER_BOUND('',#284,.T.);
#175=FACE_OUTER_BOUND('',#285,.T.);
#176=FACE_OUTER_BOUND('',#286,.T.);
#177=FACE_OUTER_BOUND('',#287,.T.);
#178=FACE_OUTER_BOUND('',#288,.T.);
#179=FACE_OUTER_BOUND('',#289,.T.);
#180=FACE_OUTER_BOUND('',#290,.T.);
#181=FACE_OUTER_BOUND('',#291,.T.);
#182=FACE_OUTER_BOUND('',#292,.T.);
#183=FACE_OUTER_BOUND('',#293,.T.);
#184=FACE_OUTER_BOUND('',#294,.T.);
#185=FACE_OUTER_BOUND('',#295,.T.);
#186=FACE_OUTER_BOUND('',#296,.T.);
#187=FACE_OUTER_BOUND('',#297,.T.);
#188=FACE_OUTER_BOUND('',#298,.T.);
#189=FACE_OUTER_BOUND('',#299,.T.);
#190=FACE_OUTER_BOUND('',#300,.T.);
#191=FACE_OUTER_BOUND('',#301,.T.);
#192=FACE_OUTER_BOUND('',#302,.T.);
#193=FACE_OUTER_BOUND('',#303,.T.);
#194=FACE_OUTER_BOUND('',#304,.T.);
#195=FACE_OUTER_BOUND('',#305,.T.);
#196=FACE_OUTER_BOUND('',#306,.T.);
#197=FACE_OUTER_BOUND('',#307,.T.);
#198=FACE_OUTER_BOUND('',#308,.T.);
#199=FACE_OUTER_BOUND('',#309,.T.);
#200=FACE_OUTER_BOUND('',#310,.T.);
#201=FACE_OUTER_BOUND('',#311,.T.);
#202=FACE_OUTER_BOUND('',#312,.T.);
#203=FACE_OUTER_BOUND('',#313,.T.);
#204=FACE_OUTER_BOUND('',#314,.T.);
#205=FACE_OUTER_BOUND('',#315,.T.);
#206=FACE_OUTER_BOUND('',#321,.T.);
#207=EDGE_LOOP('',(#1419,#1420,#1421,#1422));
#208=EDGE_LOOP('',(#1423,#1424,#1425,#1426));
#209=EDGE_LOOP('',(#1427,#1428,#1429,#1430));
#210=EDGE_LOOP('',(#1431,#1432,#1433,#1434));
#211=EDGE_LOOP('',(#1435,#1436,#1437,#1438));
#212=EDGE_LOOP('',(#1439,#1440,#1441,#1442));
#213=EDGE_LOOP('',(#1443,#1444,#1445,#1446));
#214=EDGE_LOOP('',(#1447,#1448,#1449,#1450));
#215=EDGE_LOOP('',(#1451,#1452,#1453,#1454));
#216=EDGE_LOOP('',(#1455,#1456,#1457,#1458));
#217=EDGE_LOOP('',(#1459,#1460,#1461,#1462));
#218=EDGE_LOOP('',(#1463,#1464,#1465,#1466));
#219=EDGE_LOOP('',(#1467,#1468,#1469,#1470));
#220=EDGE_LOOP('',(#1471,#1472,#1473,#1474));
#221=EDGE_LOOP('',(#1475,#1476,#1477,#1478));
#222=EDGE_LOOP('',(#1479,#1480,#1481,#1482));
#223=EDGE_LOOP('',(#1483,#1484,#1485,#1486));
#224=EDGE_LOOP('',(#1487,#1488,#1489,#1490));
#225=EDGE_LOOP('',(#1491,#1492,#1493,#1494));
#226=EDGE_LOOP('',(#1495,#1496,#1497,#1498));
#227=EDGE_LOOP('',(#1499,#1500,#1501,#1502));
#228=EDGE_LOOP('',(#1503,#1504,#1505,#1506));
#229=EDGE_LOOP('',(#1507,#1508,#1509,#1510));
#230=EDGE_LOOP('',(#1511,#1512,#1513,#1514));
#231=EDGE_LOOP('',(#1515,#1516,#1517,#1518));
#232=EDGE_LOOP('',(#1519,#1520,#1521,#1522));
#233=EDGE_LOOP('',(#1523,#1524,#1525,#1526));
#234=EDGE_LOOP('',(#1527,#1528,#1529,#1530));
#235=EDGE_LOOP('',(#1531,#1532,#1533,#1534));
#236=EDGE_LOOP('',(#1535,#1536,#1537,#1538));
#237=EDGE_LOOP('',(#1539,#1540,#1541,#1542));
#238=EDGE_LOOP('',(#1543,#1544,#1545,#1546));
#239=EDGE_LOOP('',(#1547,#1548,#1549,#1550));
#240=EDGE_LOOP('',(#1551,#1552,#1553,#1554));
#241=EDGE_LOOP('',(#1555,#1556,#1557,#1558));
#242=EDGE_LOOP('',(#1559,#1560,#1561,#1562));
#243=EDGE_LOOP('',(#1563,#1564,#1565,#1566));
#244=EDGE_LOOP('',(#1567,#1568,#1569,#1570));
#245=EDGE_LOOP('',(#1571,#1572,#1573,#1574));
#246=EDGE_LOOP('',(#1575,#1576,#1577,#1578));
#247=EDGE_LOOP('',(#1579,#1580,#1581,#1582));
#248=EDGE_LOOP('',(#1583,#1584,#1585,#1586));
#249=EDGE_LOOP('',(#1587,#1588,#1589,#1590));
#250=EDGE_LOOP('',(#1591,#1592,#1593,#1594));
#251=EDGE_LOOP('',(#1595,#1596,#1597,#1598));
#252=EDGE_LOOP('',(#1599,#1600,#1601,#1602));
#253=EDGE_LOOP('',(#1603,#1604,#1605,#1606));
#254=EDGE_LOOP('',(#1607,#1608,#1609,#1610));
#255=EDGE_LOOP('',(#1611,#1612,#1613,#1614));
#256=EDGE_LOOP('',(#1615,#1616,#1617,#1618));
#257=EDGE_LOOP('',(#1619,#1620,#1621,#1622));
#258=EDGE_LOOP('',(#1623,#1624,#1625,#1626));
#259=EDGE_LOOP('',(#1627,#1628,#1629,#1630));
#260=EDGE_LOOP('',(#1631,#1632,#1633,#1634));
#261=EDGE_LOOP('',(#1635,#1636,#1637,#1638));
#262=EDGE_LOOP('',(#1639,#1640,#1641,#1642));
#263=EDGE_LOOP('',(#1643,#1644,#1645,#1646));
#264=EDGE_LOOP('',(#1647,#1648,#1649,#1650));
#265=EDGE_LOOP('',(#1651,#1652,#1653,#1654));
#266=EDGE_LOOP('',(#1655,#1656,#1657,#1658));
#267=EDGE_LOOP('',(#1659,#1660,#1661,#1662));
#268=EDGE_LOOP('',(#1663,#1664,#1665,#1666));
#269=EDGE_LOOP('',(#1667,#1668,#1669,#1670));
#270=EDGE_LOOP('',(#1671,#1672,#1673,#1674));
#271=EDGE_LOOP('',(#1675,#1676,#1677,#1678));
#272=EDGE_LOOP('',(#1679,#1680,#1681,#1682));
#273=EDGE_LOOP('',(#1683,#1684,#1685,#1686));
#274=EDGE_LOOP('',(#1687,#1688,#1689,#1690));
#275=EDGE_LOOP('',(#1691,#1692,#1693,#1694));
#276=EDGE_LOOP('',(#1695,#1696,#1697,#1698));
#277=EDGE_LOOP('',(#1699,#1700,#1701,#1702));
#278=EDGE_LOOP('',(#1703,#1704,#1705,#1706));
#279=EDGE_LOOP('',(#1707,#1708,#1709,#1710));
#280=EDGE_LOOP('',(#1711,#1712,#1713,#1714));
#281=EDGE_LOOP('',(#1715,#1716,#1717,#1718));
#282=EDGE_LOOP('',(#1719,#1720,#1721,#1722));
#283=EDGE_LOOP('',(#1723,#1724,#1725,#1726));
#284=EDGE_LOOP('',(#1727,#1728,#1729,#1730));
#285=EDGE_LOOP('',(#1731,#1732,#1733,#1734));
#286=EDGE_LOOP('',(#1735,#1736,#1737,#1738));
#287=EDGE_LOOP('',(#1739,#1740,#1741,#1742));
#288=EDGE_LOOP('',(#1743,#1744,#1745,#1746));
#289=EDGE_LOOP('',(#1747,#1748,#1749,#1750));
#290=EDGE_LOOP('',(#1751,#1752,#1753,#1754));
#291=EDGE_LOOP('',(#1755,#1756,#1757,#1758));
#292=EDGE_LOOP('',(#1759,#1760,#1761,#1762));
#293=EDGE_LOOP('',(#1763,#1764,#1765,#1766));
#294=EDGE_LOOP('',(#1767,#1768,#1769,#1770));
#295=EDGE_LOOP('',(#1771,#1772,#1773,#1774));
#296=EDGE_LOOP('',(#1775,#1776,#1777,#1778));
#297=EDGE_LOOP('',(#1779,#1780,#1781,#1782));
#298=EDGE_LOOP('',(#1783,#1784,#1785,#1786));
#299=EDGE_LOOP('',(#1787,#1788,#1789,#1790));
#300=EDGE_LOOP('',(#1791,#1792,#1793,#1794));
#301=EDGE_LOOP('',(#1795,#1796,#1797,#1798));
#302=EDGE_LOOP('',(#1799,#1800,#1801,#1802));
#303=EDGE_LOOP('',(#1803,#1804,#1805,#1806));
#304=EDGE_LOOP('',(#1807,#1808,#1809,#1810));
#305=EDGE_LOOP('',(#1811,#1812,#1813,#1814));
#306=EDGE_LOOP('',(#1815,#1816,#1817,#1818));
#307=EDGE_LOOP('',(#1819,#1820,#1821,#1822));
#308=EDGE_LOOP('',(#1823,#1824,#1825,#1826));
#309=EDGE_LOOP('',(#1827,#1828,#1829,#1830));
#310=EDGE_LOOP('',(#1831,#1832,#1833,#1834));
#311=EDGE_LOOP('',(#1835,#1836,#1837,#1838));
#312=EDGE_LOOP('',(#1839,#1840,#1841,#1842));
#313=EDGE_LOOP('',(#1843,#1844,#1845,#1846));
#314=EDGE_LOOP('',(#1847,#1848,#1849,#1850));
#315=EDGE_LOOP('',(#1851,#1852,#1853,#1854,#1855,#1856,#1857,#1858,#1859,
#1860,#1861,#1862,#1863,#1864,#1865,#1866,#1867,#1868,#1869,#1870,#1871,
#1872,#1873,#1874,#1875,#1876,#1877,#1878,#1879,#1880,#1881,#1882,#1883,
#1884,#1885,#1886,#1887,#1888,#1889,#1890,#1891,#1892,#1893,#1894,#1895,
#1896,#1897,#1898,#1899,#1900,#1901,#1902,#1903,#1904,#1905,#1906,#1907,
#1908,#1909,#1910));
#316=EDGE_LOOP('',(#1911,#1912,#1913,#1914,#1915,#1916,#1917,#1918));
#317=EDGE_LOOP('',(#1919,#1920,#1921,#1922,#1923,#1924,#1925,#1926));
#318=EDGE_LOOP('',(#1927,#1928,#1929,#1930,#1931,#1932,#1933,#1934));
#319=EDGE_LOOP('',(#1935,#1936,#1937,#1938,#1939,#1940,#1941,#1942));
#320=EDGE_LOOP('',(#1943,#1944,#1945,#1946,#1947,#1948,#1949,#1950,#1951,
#1952,#1953,#1954,#1955,#1956,#1957,#1958));
#321=EDGE_LOOP('',(#1959,#1960,#1961,#1962,#1963,#1964,#1965,#1966,#1967,
#1968,#1969,#1970,#1971,#1972,#1973,#1974,#1975,#1976,#1977,#1978,#1979,
#1980,#1981,#1982,#1983,#1984,#1985,#1986,#1987,#1988,#1989,#1990,#1991,
#1992,#1993,#1994,#1995,#1996,#1997,#1998,#1999,#2000,#2001,#2002,#2003,
#2004,#2005,#2006,#2007,#2008,#2009,#2010,#2011,#2012,#2013,#2014,#2015,
#2016,#2017,#2018));
#322=EDGE_LOOP('',(#2019,#2020,#2021,#2022,#2023,#2024,#2025,#2026));
#323=EDGE_LOOP('',(#2027,#2028,#2029,#2030,#2031,#2032,#2033,#2034));
#324=EDGE_LOOP('',(#2035,#2036,#2037,#2038,#2039,#2040,#2041,#2042));
#325=EDGE_LOOP('',(#2043,#2044,#2045,#2046,#2047,#2048,#2049,#2050));
#326=EDGE_LOOP('',(#2051,#2052,#2053,#2054,#2055,#2056,#2057,#2058,#2059,
#2060,#2061,#2062,#2063,#2064,#2065,#2066));
#327=LINE('',#3021,#603);
#328=LINE('',#3023,#604);
#329=LINE('',#3025,#605);
#330=LINE('',#3026,#606);
#331=LINE('',#3029,#607);
#332=LINE('',#3031,#608);
#333=LINE('',#3032,#609);
#334=LINE('',#3035,#610);
#335=LINE('',#3037,#611);
#336=LINE('',#3038,#612);
#337=LINE('',#3044,#613);
#338=LINE('',#3047,#614);
#339=LINE('',#3049,#615);
#340=LINE('',#3050,#616);
#341=LINE('',#3053,#617);
#342=LINE('',#3055,#618);
#343=LINE('',#3056,#619);
#344=LINE('',#3059,#620);
#345=LINE('',#3061,#621);
#346=LINE('',#3062,#622);
#347=LINE('',#3068,#623);
#348=LINE('',#3071,#624);
#349=LINE('',#3073,#625);
#350=LINE('',#3074,#626);
#351=LINE('',#3077,#627);
#352=LINE('',#3079,#628);
#353=LINE('',#3080,#629);
#354=LINE('',#3083,#630);
#355=LINE('',#3085,#631);
#356=LINE('',#3086,#632);
#357=LINE('',#3092,#633);
#358=LINE('',#3095,#634);
#359=LINE('',#3097,#635);
#360=LINE('',#3098,#636);
#361=LINE('',#3101,#637);
#362=LINE('',#3103,#638);
#363=LINE('',#3104,#639);
#364=LINE('',#3107,#640);
#365=LINE('',#3109,#641);
#366=LINE('',#3110,#642);
#367=LINE('',#3117,#643);
#368=LINE('',#3119,#644);
#369=LINE('',#3121,#645);
#370=LINE('',#3122,#646);
#371=LINE('',#3128,#647);
#372=LINE('',#3131,#648);
#373=LINE('',#3133,#649);
#374=LINE('',#3134,#650);
#375=LINE('',#3140,#651);
#376=LINE('',#3143,#652);
#377=LINE('',#3145,#653);
#378=LINE('',#3146,#654);
#379=LINE('',#3152,#655);
#380=LINE('',#3155,#656);
#381=LINE('',#3157,#657);
#382=LINE('',#3158,#658);
#383=LINE('',#3165,#659);
#384=LINE('',#3167,#660);
#385=LINE('',#3169,#661);
#386=LINE('',#3170,#662);
#387=LINE('',#3176,#663);
#388=LINE('',#3179,#664);
#389=LINE('',#3181,#665);
#390=LINE('',#3182,#666);
#391=LINE('',#3188,#667);
#392=LINE('',#3191,#668);
#393=LINE('',#3193,#669);
#394=LINE('',#3194,#670);
#395=LINE('',#3200,#671);
#396=LINE('',#3203,#672);
#397=LINE('',#3205,#673);
#398=LINE('',#3206,#674);
#399=LINE('',#3213,#675);
#400=LINE('',#3215,#676);
#401=LINE('',#3217,#677);
#402=LINE('',#3218,#678);
#403=LINE('',#3224,#679);
#404=LINE('',#3227,#680);
#405=LINE('',#3229,#681);
#406=LINE('',#3230,#682);
#407=LINE('',#3236,#683);
#408=LINE('',#3239,#684);
#409=LINE('',#3241,#685);
#410=LINE('',#3242,#686);
#411=LINE('',#3248,#687);
#412=LINE('',#3251,#688);
#413=LINE('',#3253,#689);
#414=LINE('',#3254,#690);
#415=LINE('',#3261,#691);
#416=LINE('',#3263,#692);
#417=LINE('',#3265,#693);
#418=LINE('',#3266,#694);
#419=LINE('',#3272,#695);
#420=LINE('',#3275,#696);
#421=LINE('',#3277,#697);
#422=LINE('',#3278,#698);
#423=LINE('',#3284,#699);
#424=LINE('',#3287,#700);
#425=LINE('',#3289,#701);
#426=LINE('',#3290,#702);
#427=LINE('',#3296,#703);
#428=LINE('',#3299,#704);
#429=LINE('',#3301,#705);
#430=LINE('',#3302,#706);
#431=LINE('',#3309,#707);
#432=LINE('',#3311,#708);
#433=LINE('',#3313,#709);
#434=LINE('',#3314,#710);
#435=LINE('',#3317,#711);
#436=LINE('',#3319,#712);
#437=LINE('',#3320,#713);
#438=LINE('',#3323,#714);
#439=LINE('',#3325,#715);
#440=LINE('',#3326,#716);
#441=LINE('',#3329,#717);
#442=LINE('',#3331,#718);
#443=LINE('',#3332,#719);
#444=LINE('',#3335,#720);
#445=LINE('',#3337,#721);
#446=LINE('',#3338,#722);
#447=LINE('',#3341,#723);
#448=LINE('',#3343,#724);
#449=LINE('',#3344,#725);
#450=LINE('',#3347,#726);
#451=LINE('',#3349,#727);
#452=LINE('',#3350,#728);
#453=LINE('',#3353,#729);
#454=LINE('',#3355,#730);
#455=LINE('',#3356,#731);
#456=LINE('',#3359,#732);
#457=LINE('',#3361,#733);
#458=LINE('',#3362,#734);
#459=LINE('',#3365,#735);
#460=LINE('',#3367,#736);
#461=LINE('',#3368,#737);
#462=LINE('',#3371,#738);
#463=LINE('',#3373,#739);
#464=LINE('',#3374,#740);
#465=LINE('',#3377,#741);
#466=LINE('',#3379,#742);
#467=LINE('',#3380,#743);
#468=LINE('',#3383,#744);
#469=LINE('',#3385,#745);
#470=LINE('',#3386,#746);
#471=LINE('',#3392,#747);
#472=LINE('',#3395,#748);
#473=LINE('',#3397,#749);
#474=LINE('',#3398,#750);
#475=LINE('',#3401,#751);
#476=LINE('',#3403,#752);
#477=LINE('',#3404,#753);
#478=LINE('',#3407,#754);
#479=LINE('',#3409,#755);
#480=LINE('',#3410,#756);
#481=LINE('',#3413,#757);
#482=LINE('',#3415,#758);
#483=LINE('',#3416,#759);
#484=LINE('',#3419,#760);
#485=LINE('',#3421,#761);
#486=LINE('',#3422,#762);
#487=LINE('',#3425,#763);
#488=LINE('',#3427,#764);
#489=LINE('',#3428,#765);
#490=LINE('',#3431,#766);
#491=LINE('',#3433,#767);
#492=LINE('',#3434,#768);
#493=LINE('',#3437,#769);
#494=LINE('',#3439,#770);
#495=LINE('',#3440,#771);
#496=LINE('',#3443,#772);
#497=LINE('',#3445,#773);
#498=LINE('',#3446,#774);
#499=LINE('',#3449,#775);
#500=LINE('',#3451,#776);
#501=LINE('',#3452,#777);
#502=LINE('',#3455,#778);
#503=LINE('',#3457,#779);
#504=LINE('',#3458,#780);
#505=LINE('',#3461,#781);
#506=LINE('',#3463,#782);
#507=LINE('',#3464,#783);
#508=LINE('',#3467,#784);
#509=LINE('',#3469,#785);
#510=LINE('',#3470,#786);
#511=LINE('',#3473,#787);
#512=LINE('',#3475,#788);
#513=LINE('',#3476,#789);
#514=LINE('',#3482,#790);
#515=LINE('',#3485,#791);
#516=LINE('',#3487,#792);
#517=LINE('',#3488,#793);
#518=LINE('',#3491,#794);
#519=LINE('',#3493,#795);
#520=LINE('',#3494,#796);
#521=LINE('',#3497,#797);
#522=LINE('',#3499,#798);
#523=LINE('',#3500,#799);
#524=LINE('',#3503,#800);
#525=LINE('',#3505,#801);
#526=LINE('',#3506,#802);
#527=LINE('',#3509,#803);
#528=LINE('',#3511,#804);
#529=LINE('',#3512,#805);
#530=LINE('',#3515,#806);
#531=LINE('',#3517,#807);
#532=LINE('',#3518,#808);
#533=LINE('',#3521,#809);
#534=LINE('',#3523,#810);
#535=LINE('',#3524,#811);
#536=LINE('',#3527,#812);
#537=LINE('',#3529,#813);
#538=LINE('',#3530,#814);
#539=LINE('',#3533,#815);
#540=LINE('',#3535,#816);
#541=LINE('',#3536,#817);
#542=LINE('',#3539,#818);
#543=LINE('',#3541,#819);
#544=LINE('',#3542,#820);
#545=LINE('',#3545,#821);
#546=LINE('',#3547,#822);
#547=LINE('',#3548,#823);
#548=LINE('',#3551,#824);
#549=LINE('',#3553,#825);
#550=LINE('',#3554,#826);
#551=LINE('',#3557,#827);
#552=LINE('',#3559,#828);
#553=LINE('',#3560,#829);
#554=LINE('',#3563,#830);
#555=LINE('',#3565,#831);
#556=LINE('',#3566,#832);
#557=LINE('',#3572,#833);
#558=LINE('',#3575,#834);
#559=LINE('',#3577,#835);
#560=LINE('',#3578,#836);
#561=LINE('',#3581,#837);
#562=LINE('',#3583,#838);
#563=LINE('',#3584,#839);
#564=LINE('',#3587,#840);
#565=LINE('',#3589,#841);
#566=LINE('',#3590,#842);
#567=LINE('',#3593,#843);
#568=LINE('',#3595,#844);
#569=LINE('',#3596,#845);
#570=LINE('',#3599,#846);
#571=LINE('',#3601,#847);
#572=LINE('',#3602,#848);
#573=LINE('',#3605,#849);
#574=LINE('',#3607,#850);
#575=LINE('',#3608,#851);
#576=LINE('',#3611,#852);
#577=LINE('',#3613,#853);
#578=LINE('',#3614,#854);
#579=LINE('',#3617,#855);
#580=LINE('',#3619,#856);
#581=LINE('',#3620,#857);
#582=LINE('',#3623,#858);
#583=LINE('',#3625,#859);
#584=LINE('',#3626,#860);
#585=LINE('',#3629,#861);
#586=LINE('',#3631,#862);
#587=LINE('',#3632,#863);
#588=LINE('',#3635,#864);
#589=LINE('',#3637,#865);
#590=LINE('',#3638,#866);
#591=LINE('',#3641,#867);
#592=LINE('',#3643,#868);
#593=LINE('',#3644,#869);
#594=LINE('',#3647,#870);
#595=LINE('',#3649,#871);
#596=LINE('',#3650,#872);
#597=LINE('',#3653,#873);
#598=LINE('',#3655,#874);
#599=LINE('',#3656,#875);
#600=LINE('',#3662,#876);
#601=LINE('',#3664,#877);
#602=LINE('',#3665,#878);
#603=VECTOR('',#2427,10.);
#604=VECTOR('',#2428,10.);
#605=VECTOR('',#2429,10.);
#606=VECTOR('',#2430,10.);
#607=VECTOR('',#2433,10.);
#608=VECTOR('',#2434,10.);
#609=VECTOR('',#2435,10.);
#610=VECTOR('',#2438,10.);
#611=VECTOR('',#2439,10.);
#612=VECTOR('',#2440,10.);
#613=VECTOR('',#2447,10.);
#614=VECTOR('',#2450,10.);
#615=VECTOR('',#2451,10.);
#616=VECTOR('',#2452,10.);
#617=VECTOR('',#2455,10.);
#618=VECTOR('',#2456,10.);
#619=VECTOR('',#2457,10.);
#620=VECTOR('',#2460,10.);
#621=VECTOR('',#2461,10.);
#622=VECTOR('',#2462,10.);
#623=VECTOR('',#2469,10.);
#624=VECTOR('',#2472,10.);
#625=VECTOR('',#2473,10.);
#626=VECTOR('',#2474,10.);
#627=VECTOR('',#2477,10.);
#628=VECTOR('',#2478,10.);
#629=VECTOR('',#2479,10.);
#630=VECTOR('',#2482,10.);
#631=VECTOR('',#2483,10.);
#632=VECTOR('',#2484,10.);
#633=VECTOR('',#2491,10.);
#634=VECTOR('',#2494,10.);
#635=VECTOR('',#2495,10.);
#636=VECTOR('',#2496,10.);
#637=VECTOR('',#2499,10.);
#638=VECTOR('',#2500,10.);
#639=VECTOR('',#2501,10.);
#640=VECTOR('',#2504,10.);
#641=VECTOR('',#2505,10.);
#642=VECTOR('',#2506,10.);
#643=VECTOR('',#2515,10.);
#644=VECTOR('',#2516,10.);
#645=VECTOR('',#2517,10.);
#646=VECTOR('',#2518,10.);
#647=VECTOR('',#2525,10.);
#648=VECTOR('',#2528,10.);
#649=VECTOR('',#2529,10.);
#650=VECTOR('',#2530,10.);
#651=VECTOR('',#2537,10.);
#652=VECTOR('',#2540,10.);
#653=VECTOR('',#2541,10.);
#654=VECTOR('',#2542,10.);
#655=VECTOR('',#2549,10.);
#656=VECTOR('',#2552,10.);
#657=VECTOR('',#2553,10.);
#658=VECTOR('',#2554,10.);
#659=VECTOR('',#2563,10.);
#660=VECTOR('',#2564,10.);
#661=VECTOR('',#2565,10.);
#662=VECTOR('',#2566,10.);
#663=VECTOR('',#2573,10.);
#664=VECTOR('',#2576,10.);
#665=VECTOR('',#2577,10.);
#666=VECTOR('',#2578,10.);
#667=VECTOR('',#2585,10.);
#668=VECTOR('',#2588,10.);
#669=VECTOR('',#2589,10.);
#670=VECTOR('',#2590,10.);
#671=VECTOR('',#2597,10.);
#672=VECTOR('',#2600,10.);
#673=VECTOR('',#2601,10.);
#674=VECTOR('',#2602,10.);
#675=VECTOR('',#2611,10.);
#676=VECTOR('',#2612,10.);
#677=VECTOR('',#2613,10.);
#678=VECTOR('',#2614,10.);
#679=VECTOR('',#2621,10.);
#680=VECTOR('',#2624,10.);
#681=VECTOR('',#2625,10.);
#682=VECTOR('',#2626,10.);
#683=VECTOR('',#2633,10.);
#684=VECTOR('',#2636,10.);
#685=VECTOR('',#2637,10.);
#686=VECTOR('',#2638,10.);
#687=VECTOR('',#2645,10.);
#688=VECTOR('',#2648,10.);
#689=VECTOR('',#2649,10.);
#690=VECTOR('',#2650,10.);
#691=VECTOR('',#2659,10.);
#692=VECTOR('',#2660,10.);
#693=VECTOR('',#2661,10.);
#694=VECTOR('',#2662,10.);
#695=VECTOR('',#2669,10.);
#696=VECTOR('',#2672,10.);
#697=VECTOR('',#2673,10.);
#698=VECTOR('',#2674,10.);
#699=VECTOR('',#2681,10.);
#700=VECTOR('',#2684,10.);
#701=VECTOR('',#2685,10.);
#702=VECTOR('',#2686,10.);
#703=VECTOR('',#2693,10.);
#704=VECTOR('',#2696,10.);
#705=VECTOR('',#2697,10.);
#706=VECTOR('',#2698,10.);
#707=VECTOR('',#2707,10.);
#708=VECTOR('',#2708,10.);
#709=VECTOR('',#2709,10.);
#710=VECTOR('',#2710,10.);
#711=VECTOR('',#2713,10.);
#712=VECTOR('',#2714,10.);
#713=VECTOR('',#2715,10.);
#714=VECTOR('',#2718,10.);
#715=VECTOR('',#2719,10.);
#716=VECTOR('',#2720,10.);
#717=VECTOR('',#2723,10.);
#718=VECTOR('',#2724,10.);
#719=VECTOR('',#2725,10.);
#720=VECTOR('',#2728,10.);
#721=VECTOR('',#2729,10.);
#722=VECTOR('',#2730,10.);
#723=VECTOR('',#2733,10.);
#724=VECTOR('',#2734,10.);
#725=VECTOR('',#2735,10.);
#726=VECTOR('',#2738,10.);
#727=VECTOR('',#2739,10.);
#728=VECTOR('',#2740,10.);
#729=VECTOR('',#2743,10.);
#730=VECTOR('',#2744,10.);
#731=VECTOR('',#2745,10.);
#732=VECTOR('',#2748,10.);
#733=VECTOR('',#2749,10.);
#734=VECTOR('',#2750,10.);
#735=VECTOR('',#2753,10.);
#736=VECTOR('',#2754,10.);
#737=VECTOR('',#2755,10.);
#738=VECTOR('',#2758,10.);
#739=VECTOR('',#2759,10.);
#740=VECTOR('',#2760,10.);
#741=VECTOR('',#2763,10.);
#742=VECTOR('',#2764,10.);
#743=VECTOR('',#2765,10.);
#744=VECTOR('',#2768,10.);
#745=VECTOR('',#2769,10.);
#746=VECTOR('',#2770,10.);
#747=VECTOR('',#2777,10.);
#748=VECTOR('',#2780,10.);
#749=VECTOR('',#2781,10.);
#750=VECTOR('',#2782,10.);
#751=VECTOR('',#2785,10.);
#752=VECTOR('',#2786,10.);
#753=VECTOR('',#2787,10.);
#754=VECTOR('',#2790,10.);
#755=VECTOR('',#2791,10.);
#756=VECTOR('',#2792,10.);
#757=VECTOR('',#2795,10.);
#758=VECTOR('',#2796,10.);
#759=VECTOR('',#2797,10.);
#760=VECTOR('',#2800,10.);
#761=VECTOR('',#2801,10.);
#762=VECTOR('',#2802,10.);
#763=VECTOR('',#2805,10.);
#764=VECTOR('',#2806,10.);
#765=VECTOR('',#2807,10.);
#766=VECTOR('',#2810,10.);
#767=VECTOR('',#2811,10.);
#768=VECTOR('',#2812,10.);
#769=VECTOR('',#2815,10.);
#770=VECTOR('',#2816,10.);
#771=VECTOR('',#2817,10.);
#772=VECTOR('',#2820,10.);
#773=VECTOR('',#2821,10.);
#774=VECTOR('',#2822,10.);
#775=VECTOR('',#2825,10.);
#776=VECTOR('',#2826,10.);
#777=VECTOR('',#2827,10.);
#778=VECTOR('',#2830,10.);
#779=VECTOR('',#2831,10.);
#780=VECTOR('',#2832,10.);
#781=VECTOR('',#2835,10.);
#782=VECTOR('',#2836,10.);
#783=VECTOR('',#2837,10.);
#784=VECTOR('',#2840,10.);
#785=VECTOR('',#2841,10.);
#786=VECTOR('',#2842,10.);
#787=VECTOR('',#2845,10.);
#788=VECTOR('',#2846,10.);
#789=VECTOR('',#2847,10.);
#790=VECTOR('',#2854,10.);
#791=VECTOR('',#2857,10.);
#792=VECTOR('',#2858,10.);
#793=VECTOR('',#2859,10.);
#794=VECTOR('',#2862,10.);
#795=VECTOR('',#2863,10.);
#796=VECTOR('',#2864,10.);
#797=VECTOR('',#2867,10.);
#798=VECTOR('',#2868,10.);
#799=VECTOR('',#2869,10.);
#800=VECTOR('',#2872,10.);
#801=VECTOR('',#2873,10.);
#802=VECTOR('',#2874,10.);
#803=VECTOR('',#2877,10.);
#804=VECTOR('',#2878,10.);
#805=VECTOR('',#2879,10.);
#806=VECTOR('',#2882,10.);
#807=VECTOR('',#2883,10.);
#808=VECTOR('',#2884,10.);
#809=VECTOR('',#2887,10.);
#810=VECTOR('',#2888,10.);
#811=VECTOR('',#2889,10.);
#812=VECTOR('',#2892,10.);
#813=VECTOR('',#2893,10.);
#814=VECTOR('',#2894,10.);
#815=VECTOR('',#2897,10.);
#816=VECTOR('',#2898,10.);
#817=VECTOR('',#2899,10.);
#818=VECTOR('',#2902,10.);
#819=VECTOR('',#2903,10.);
#820=VECTOR('',#2904,10.);
#821=VECTOR('',#2907,10.);
#822=VECTOR('',#2908,10.);
#823=VECTOR('',#2909,10.);
#824=VECTOR('',#2912,10.);
#825=VECTOR('',#2913,10.);
#826=VECTOR('',#2914,10.);
#827=VECTOR('',#2917,10.);
#828=VECTOR('',#2918,10.);
#829=VECTOR('',#2919,10.);
#830=VECTOR('',#2922,10.);
#831=VECTOR('',#2923,10.);
#832=VECTOR('',#2924,10.);
#833=VECTOR('',#2931,10.);
#834=VECTOR('',#2934,10.);
#835=VECTOR('',#2935,10.);
#836=VECTOR('',#2936,10.);
#837=VECTOR('',#2939,10.);
#838=VECTOR('',#2940,10.);
#839=VECTOR('',#2941,10.);
#840=VECTOR('',#2944,10.);
#841=VECTOR('',#2945,10.);
#842=VECTOR('',#2946,10.);
#843=VECTOR('',#2949,10.);
#844=VECTOR('',#2950,10.);
#845=VECTOR('',#2951,10.);
#846=VECTOR('',#2954,10.);
#847=VECTOR('',#2955,10.);
#848=VECTOR('',#2956,10.);
#849=VECTOR('',#2959,10.);
#850=VECTOR('',#2960,10.);
#851=VECTOR('',#2961,10.);
#852=VECTOR('',#2964,10.);
#853=VECTOR('',#2965,10.);
#854=VECTOR('',#2966,10.);
#855=VECTOR('',#2969,10.);
#856=VECTOR('',#2970,10.);
#857=VECTOR('',#2971,10.);
#858=VECTOR('',#2974,10.);
#859=VECTOR('',#2975,10.);
#860=VECTOR('',#2976,10.);
#861=VECTOR('',#2979,10.);
#862=VECTOR('',#2980,10.);
#863=VECTOR('',#2981,10.);
#864=VECTOR('',#2984,10.);
#865=VECTOR('',#2985,10.);
#866=VECTOR('',#2986,10.);
#867=VECTOR('',#2989,10.);
#868=VECTOR('',#2990,10.);
#869=VECTOR('',#2991,10.);
#870=VECTOR('',#2994,10.);
#871=VECTOR('',#2995,10.);
#872=VECTOR('',#2996,10.);
#873=VECTOR('',#2999,10.);
#874=VECTOR('',#3000,10.);
#875=VECTOR('',#3001,10.);
#876=VECTOR('',#3008,10.);
#877=VECTOR('',#3011,10.);
#878=VECTOR('',#3012,10.);
#879=VERTEX_POINT('',#3019);
#880=VERTEX_POINT('',#3020);
#881=VERTEX_POINT('',#3022);
#882=VERTEX_POINT('',#3024);
#883=VERTEX_POINT('',#3028);
#884=VERTEX_POINT('',#3030);
#885=VERTEX_POINT('',#3034);
#886=VERTEX_POINT('',#3036);
#887=VERTEX_POINT('',#3040);
#888=VERTEX_POINT('',#3042);
#889=VERTEX_POINT('',#3046);
#890=VERTEX_POINT('',#3048);
#891=VERTEX_POINT('',#3052);
#892=VERTEX_POINT('',#3054);
#893=VERTEX_POINT('',#3058);
#894=VERTEX_POINT('',#3060);
#895=VERTEX_POINT('',#3064);
#896=VERTEX_POINT('',#3066);
#897=VERTEX_POINT('',#3070);
#898=VERTEX_POINT('',#3072);
#899=VERTEX_POINT('',#3076);
#900=VERTEX_POINT('',#3078);
#901=VERTEX_POINT('',#3082);
#902=VERTEX_POINT('',#3084);
#903=VERTEX_POINT('',#3088);
#904=VERTEX_POINT('',#3090);
#905=VERTEX_POINT('',#3094);
#906=VERTEX_POINT('',#3096);
#907=VERTEX_POINT('',#3100);
#908=VERTEX_POINT('',#3102);
#909=VERTEX_POINT('',#3106);
#910=VERTEX_POINT('',#3108);
#911=VERTEX_POINT('',#3115);
#912=VERTEX_POINT('',#3116);
#913=VERTEX_POINT('',#3118);
#914=VERTEX_POINT('',#3120);
#915=VERTEX_POINT('',#3124);
#916=VERTEX_POINT('',#3126);
#917=VERTEX_POINT('',#3130);
#918=VERTEX_POINT('',#3132);
#919=VERTEX_POINT('',#3136);
#920=VERTEX_POINT('',#3138);
#921=VERTEX_POINT('',#3142);
#922=VERTEX_POINT('',#3144);
#923=VERTEX_POINT('',#3148);
#924=VERTEX_POINT('',#3150);
#925=VERTEX_POINT('',#3154);
#926=VERTEX_POINT('',#3156);
#927=VERTEX_POINT('',#3163);
#928=VERTEX_POINT('',#3164);
#929=VERTEX_POINT('',#3166);
#930=VERTEX_POINT('',#3168);
#931=VERTEX_POINT('',#3172);
#932=VERTEX_POINT('',#3174);
#933=VERTEX_POINT('',#3178);
#934=VERTEX_POINT('',#3180);
#935=VERTEX_POINT('',#3184);
#936=VERTEX_POINT('',#3186);
#937=VERTEX_POINT('',#3190);
#938=VERTEX_POINT('',#3192);
#939=VERTEX_POINT('',#3196);
#940=VERTEX_POINT('',#3198);
#941=VERTEX_POINT('',#3202);
#942=VERTEX_POINT('',#3204);
#943=VERTEX_POINT('',#3211);
#944=VERTEX_POINT('',#3212);
#945=VERTEX_POINT('',#3214);
#946=VERTEX_POINT('',#3216);
#947=VERTEX_POINT('',#3220);
#948=VERTEX_POINT('',#3222);
#949=VERTEX_POINT('',#3226);
#950=VERTEX_POINT('',#3228);
#951=VERTEX_POINT('',#3232);
#952=VERTEX_POINT('',#3234);
#953=VERTEX_POINT('',#3238);
#954=VERTEX_POINT('',#3240);
#955=VERTEX_POINT('',#3244);
#956=VERTEX_POINT('',#3246);
#957=VERTEX_POINT('',#3250);
#958=VERTEX_POINT('',#3252);
#959=VERTEX_POINT('',#3259);
#960=VERTEX_POINT('',#3260);
#961=VERTEX_POINT('',#3262);
#962=VERTEX_POINT('',#3264);
#963=VERTEX_POINT('',#3268);
#964=VERTEX_POINT('',#3270);
#965=VERTEX_POINT('',#3274);
#966=VERTEX_POINT('',#3276);
#967=VERTEX_POINT('',#3280);
#968=VERTEX_POINT('',#3282);
#969=VERTEX_POINT('',#3286);
#970=VERTEX_POINT('',#3288);
#971=VERTEX_POINT('',#3292);
#972=VERTEX_POINT('',#3294);
#973=VERTEX_POINT('',#3298);
#974=VERTEX_POINT('',#3300);
#975=VERTEX_POINT('',#3307);
#976=VERTEX_POINT('',#3308);
#977=VERTEX_POINT('',#3310);
#978=VERTEX_POINT('',#3312);
#979=VERTEX_POINT('',#3316);
#980=VERTEX_POINT('',#3318);
#981=VERTEX_POINT('',#3322);
#982=VERTEX_POINT('',#3324);
#983=VERTEX_POINT('',#3328);
#984=VERTEX_POINT('',#3330);
#985=VERTEX_POINT('',#3334);
#986=VERTEX_POINT('',#3336);
#987=VERTEX_POINT('',#3340);
#988=VERTEX_POINT('',#3342);
#989=VERTEX_POINT('',#3346);
#990=VERTEX_POINT('',#3348);
#991=VERTEX_POINT('',#3352);
#992=VERTEX_POINT('',#3354);
#993=VERTEX_POINT('',#3358);
#994=VERTEX_POINT('',#3360);
#995=VERTEX_POINT('',#3364);
#996=VERTEX_POINT('',#3366);
#997=VERTEX_POINT('',#3370);
#998=VERTEX_POINT('',#3372);
#999=VERTEX_POINT('',#3376);
#1000=VERTEX_POINT('',#3378);
#1001=VERTEX_POINT('',#3382);
#1002=VERTEX_POINT('',#3384);
#1003=VERTEX_POINT('',#3388);
#1004=VERTEX_POINT('',#3390);
#1005=VERTEX_POINT('',#3394);
#1006=VERTEX_POINT('',#3396);
#1007=VERTEX_POINT('',#3400);
#1008=VERTEX_POINT('',#3402);
#1009=VERTEX_POINT('',#3406);
#1010=VERTEX_POINT('',#3408);
#1011=VERTEX_POINT('',#3412);
#1012=VERTEX_POINT('',#3414);
#1013=VERTEX_POINT('',#3418);
#1014=VERTEX_POINT('',#3420);
#1015=VERTEX_POINT('',#3424);
#1016=VERTEX_POINT('',#3426);
#1017=VERTEX_POINT('',#3430);
#1018=VERTEX_POINT('',#3432);
#1019=VERTEX_POINT('',#3436);
#1020=VERTEX_POINT('',#3438);
#1021=VERTEX_POINT('',#3442);
#1022=VERTEX_POINT('',#3444);
#1023=VERTEX_POINT('',#3448);
#1024=VERTEX_POINT('',#3450);
#1025=VERTEX_POINT('',#3454);
#1026=VERTEX_POINT('',#3456);
#1027=VERTEX_POINT('',#3460);
#1028=VERTEX_POINT('',#3462);
#1029=VERTEX_POINT('',#3466);
#1030=VERTEX_POINT('',#3468);
#1031=VERTEX_POINT('',#3472);
#1032=VERTEX_POINT('',#3474);
#1033=VERTEX_POINT('',#3478);
#1034=VERTEX_POINT('',#3480);
#1035=VERTEX_POINT('',#3484);
#1036=VERTEX_POINT('',#3486);
#1037=VERTEX_POINT('',#3490);
#1038=VERTEX_POINT('',#3492);
#1039=VERTEX_POINT('',#3496);
#1040=VERTEX_POINT('',#3498);
#1041=VERTEX_POINT('',#3502);
#1042=VERTEX_POINT('',#3504);
#1043=VERTEX_POINT('',#3508);
#1044=VERTEX_POINT('',#3510);
#1045=VERTEX_POINT('',#3514);
#1046=VERTEX_POINT('',#3516);
#1047=VERTEX_POINT('',#3520);
#1048=VERTEX_POINT('',#3522);
#1049=VERTEX_POINT('',#3526);
#1050=VERTEX_POINT('',#3528);
#1051=VERTEX_POINT('',#3532);
#1052=VERTEX_POINT('',#3534);
#1053=VERTEX_POINT('',#3538);
#1054=VERTEX_POINT('',#3540);
#1055=VERTEX_POINT('',#3544);
#1056=VERTEX_POINT('',#3546);
#1057=VERTEX_POINT('',#3550);
#1058=VERTEX_POINT('',#3552);
#1059=VERTEX_POINT('',#3556);
#1060=VERTEX_POINT('',#3558);
#1061=VERTEX_POINT('',#3562);
#1062=VERTEX_POINT('',#3564);
#1063=VERTEX_POINT('',#3568);
#1064=VERTEX_POINT('',#3570);
#1065=VERTEX_POINT('',#3574);
#1066=VERTEX_POINT('',#3576);
#1067=VERTEX_POINT('',#3580);
#1068=VERTEX_POINT('',#3582);
#1069=VERTEX_POINT('',#3586);
#1070=VERTEX_POINT('',#3588);
#1071=VERTEX_POINT('',#3592);
#1072=VERTEX_POINT('',#3594);
#1073=VERTEX_POINT('',#3598);
#1074=VERTEX_POINT('',#3600);
#1075=VERTEX_POINT('',#3604);
#1076=VERTEX_POINT('',#3606);
#1077=VERTEX_POINT('',#3610);
#1078=VERTEX_POINT('',#3612);
#1079=VERTEX_POINT('',#3616);
#1080=VERTEX_POINT('',#3618);
#1081=VERTEX_POINT('',#3622);
#1082=VERTEX_POINT('',#3624);
#1083=VERTEX_POINT('',#3628);
#1084=VERTEX_POINT('',#3630);
#1085=VERTEX_POINT('',#3634);
#1086=VERTEX_POINT('',#3636);
#1087=VERTEX_POINT('',#3640);
#1088=VERTEX_POINT('',#3642);
#1089=VERTEX_POINT('',#3646);
#1090=VERTEX_POINT('',#3648);
#1091=VERTEX_POINT('',#3652);
#1092=VERTEX_POINT('',#3654);
#1093=VERTEX_POINT('',#3658);
#1094=VERTEX_POINT('',#3660);
#1095=EDGE_CURVE('',#879,#880,#327,.T.);
#1096=EDGE_CURVE('',#880,#881,#328,.T.);
#1097=EDGE_CURVE('',#882,#881,#329,.T.);
#1098=EDGE_CURVE('',#879,#882,#330,.T.);
#1099=EDGE_CURVE('',#883,#879,#331,.T.);
#1100=EDGE_CURVE('',#884,#882,#332,.T.);
#1101=EDGE_CURVE('',#883,#884,#333,.T.);
#1102=EDGE_CURVE('',#885,#883,#334,.T.);
#1103=EDGE_CURVE('',#886,#884,#335,.T.);
#1104=EDGE_CURVE('',#885,#886,#336,.T.);
#1105=EDGE_CURVE('',#887,#885,#25,.T.);
#1106=EDGE_CURVE('',#888,#886,#26,.T.);
#1107=EDGE_CURVE('',#887,#888,#337,.T.);
#1108=EDGE_CURVE('',#889,#887,#338,.T.);
#1109=EDGE_CURVE('',#890,#888,#339,.T.);
#1110=EDGE_CURVE('',#889,#890,#340,.T.);
#1111=EDGE_CURVE('',#891,#889,#341,.T.);
#1112=EDGE_CURVE('',#892,#890,#342,.T.);
#1113=EDGE_CURVE('',#891,#892,#343,.T.);
#1114=EDGE_CURVE('',#893,#891,#344,.T.);
#1115=EDGE_CURVE('',#894,#892,#345,.T.);
#1116=EDGE_CURVE('',#893,#894,#346,.T.);
#1117=EDGE_CURVE('',#895,#893,#27,.T.);
#1118=EDGE_CURVE('',#896,#894,#28,.T.);
#1119=EDGE_CURVE('',#895,#896,#347,.T.);
#1120=EDGE_CURVE('',#897,#895,#348,.T.);
#1121=EDGE_CURVE('',#898,#896,#349,.T.);
#1122=EDGE_CURVE('',#897,#898,#350,.T.);
#1123=EDGE_CURVE('',#899,#897,#351,.T.);
#1124=EDGE_CURVE('',#900,#898,#352,.T.);
#1125=EDGE_CURVE('',#899,#900,#353,.T.);
#1126=EDGE_CURVE('',#901,#899,#354,.T.);
#1127=EDGE_CURVE('',#902,#900,#355,.T.);
#1128=EDGE_CURVE('',#901,#902,#356,.T.);
#1129=EDGE_CURVE('',#903,#901,#29,.T.);
#1130=EDGE_CURVE('',#904,#902,#30,.T.);
#1131=EDGE_CURVE('',#903,#904,#357,.T.);
#1132=EDGE_CURVE('',#905,#903,#358,.T.);
#1133=EDGE_CURVE('',#906,#904,#359,.T.);
#1134=EDGE_CURVE('',#905,#906,#360,.T.);
#1135=EDGE_CURVE('',#907,#905,#361,.T.);
#1136=EDGE_CURVE('',#908,#906,#362,.T.);
#1137=EDGE_CURVE('',#907,#908,#363,.T.);
#1138=EDGE_CURVE('',#909,#907,#364,.T.);
#1139=EDGE_CURVE('',#910,#908,#365,.T.);
#1140=EDGE_CURVE('',#909,#910,#366,.T.);
#1141=EDGE_CURVE('',#880,#909,#31,.T.);
#1142=EDGE_CURVE('',#881,#910,#32,.T.);
#1143=EDGE_CURVE('',#911,#912,#367,.T.);
#1144=EDGE_CURVE('',#912,#913,#368,.T.);
#1145=EDGE_CURVE('',#914,#913,#369,.T.);
#1146=EDGE_CURVE('',#911,#914,#370,.T.);
#1147=EDGE_CURVE('',#915,#911,#33,.T.);
#1148=EDGE_CURVE('',#916,#914,#34,.T.);
#1149=EDGE_CURVE('',#915,#916,#371,.T.);
#1150=EDGE_CURVE('',#917,#915,#372,.T.);
#1151=EDGE_CURVE('',#918,#916,#373,.T.);
#1152=EDGE_CURVE('',#917,#918,#374,.T.);
#1153=EDGE_CURVE('',#919,#917,#35,.T.);
#1154=EDGE_CURVE('',#920,#918,#36,.T.);
#1155=EDGE_CURVE('',#919,#920,#375,.T.);
#1156=EDGE_CURVE('',#921,#919,#376,.T.);
#1157=EDGE_CURVE('',#922,#920,#377,.T.);
#1158=EDGE_CURVE('',#921,#922,#378,.T.);
#1159=EDGE_CURVE('',#923,#921,#37,.T.);
#1160=EDGE_CURVE('',#924,#922,#38,.T.);
#1161=EDGE_CURVE('',#923,#924,#379,.T.);
#1162=EDGE_CURVE('',#925,#923,#380,.T.);
#1163=EDGE_CURVE('',#926,#924,#381,.T.);
#1164=EDGE_CURVE('',#925,#926,#382,.T.);
#1165=EDGE_CURVE('',#912,#925,#39,.T.);
#1166=EDGE_CURVE('',#913,#926,#40,.T.);
#1167=EDGE_CURVE('',#927,#928,#383,.T.);
#1168=EDGE_CURVE('',#928,#929,#384,.T.);
#1169=EDGE_CURVE('',#930,#929,#385,.T.);
#1170=EDGE_CURVE('',#927,#930,#386,.T.);
#1171=EDGE_CURVE('',#931,#927,#41,.T.);
#1172=EDGE_CURVE('',#932,#930,#42,.T.);
#1173=EDGE_CURVE('',#931,#932,#387,.T.);
#1174=EDGE_CURVE('',#933,#931,#388,.T.);
#1175=EDGE_CURVE('',#934,#932,#389,.T.);
#1176=EDGE_CURVE('',#933,#934,#390,.T.);
#1177=EDGE_CURVE('',#935,#933,#43,.T.);
#1178=EDGE_CURVE('',#936,#934,#44,.T.);
#1179=EDGE_CURVE('',#935,#936,#391,.T.);
#1180=EDGE_CURVE('',#937,#935,#392,.T.);
#1181=EDGE_CURVE('',#938,#936,#393,.T.);
#1182=EDGE_CURVE('',#937,#938,#394,.T.);
#1183=EDGE_CURVE('',#939,#937,#45,.T.);
#1184=EDGE_CURVE('',#940,#938,#46,.T.);
#1185=EDGE_CURVE('',#939,#940,#395,.T.);
#1186=EDGE_CURVE('',#941,#939,#396,.T.);
#1187=EDGE_CURVE('',#942,#940,#397,.T.);
#1188=EDGE_CURVE('',#941,#942,#398,.T.);
#1189=EDGE_CURVE('',#928,#941,#47,.T.);
#1190=EDGE_CURVE('',#929,#942,#48,.T.);
#1191=EDGE_CURVE('',#943,#944,#399,.T.);
#1192=EDGE_CURVE('',#944,#945,#400,.T.);
#1193=EDGE_CURVE('',#946,#945,#401,.T.);
#1194=EDGE_CURVE('',#943,#946,#402,.T.);
#1195=EDGE_CURVE('',#947,#943,#49,.T.);
#1196=EDGE_CURVE('',#948,#946,#50,.T.);
#1197=EDGE_CURVE('',#947,#948,#403,.T.);
#1198=EDGE_CURVE('',#949,#947,#404,.T.);
#1199=EDGE_CURVE('',#950,#948,#405,.T.);
#1200=EDGE_CURVE('',#949,#950,#406,.T.);
#1201=EDGE_CURVE('',#951,#949,#51,.T.);
#1202=EDGE_CURVE('',#952,#950,#52,.T.);
#1203=EDGE_CURVE('',#951,#952,#407,.T.);
#1204=EDGE_CURVE('',#953,#951,#408,.T.);
#1205=EDGE_CURVE('',#954,#952,#409,.T.);
#1206=EDGE_CURVE('',#953,#954,#410,.T.);
#1207=EDGE_CURVE('',#955,#953,#53,.T.);
#1208=EDGE_CURVE('',#956,#954,#54,.T.);
#1209=EDGE_CURVE('',#955,#956,#411,.T.);
#1210=EDGE_CURVE('',#957,#955,#412,.T.);
#1211=EDGE_CURVE('',#958,#956,#413,.T.);
#1212=EDGE_CURVE('',#957,#958,#414,.T.);
#1213=EDGE_CURVE('',#944,#957,#55,.T.);
#1214=EDGE_CURVE('',#945,#958,#56,.T.);
#1215=EDGE_CURVE('',#959,#960,#415,.T.);
#1216=EDGE_CURVE('',#960,#961,#416,.T.);
#1217=EDGE_CURVE('',#962,#961,#417,.T.);
#1218=EDGE_CURVE('',#959,#962,#418,.T.);
#1219=EDGE_CURVE('',#963,#959,#57,.T.);
#1220=EDGE_CURVE('',#964,#962,#58,.T.);
#1221=EDGE_CURVE('',#963,#964,#419,.T.);
#1222=EDGE_CURVE('',#965,#963,#420,.T.);
#1223=EDGE_CURVE('',#966,#964,#421,.T.);
#1224=EDGE_CURVE('',#965,#966,#422,.T.);
#1225=EDGE_CURVE('',#967,#965,#59,.T.);
#1226=EDGE_CURVE('',#968,#966,#60,.T.);
#1227=EDGE_CURVE('',#967,#968,#423,.T.);
#1228=EDGE_CURVE('',#969,#967,#424,.T.);
#1229=EDGE_CURVE('',#970,#968,#425,.T.);
#1230=EDGE_CURVE('',#969,#970,#426,.T.);
#1231=EDGE_CURVE('',#971,#969,#61,.T.);
#1232=EDGE_CURVE('',#972,#970,#62,.T.);
#1233=EDGE_CURVE('',#971,#972,#427,.T.);
#1234=EDGE_CURVE('',#973,#971,#428,.T.);
#1235=EDGE_CURVE('',#974,#972,#429,.T.);
#1236=EDGE_CURVE('',#973,#974,#430,.T.);
#1237=EDGE_CURVE('',#960,#973,#63,.T.);
#1238=EDGE_CURVE('',#961,#974,#64,.T.);
#1239=EDGE_CURVE('',#975,#976,#431,.T.);
#1240=EDGE_CURVE('',#975,#977,#432,.T.);
#1241=EDGE_CURVE('',#978,#977,#433,.T.);
#1242=EDGE_CURVE('',#976,#978,#434,.T.);
#1243=EDGE_CURVE('',#976,#979,#435,.T.);
#1244=EDGE_CURVE('',#980,#978,#436,.T.);
#1245=EDGE_CURVE('',#979,#980,#437,.T.);
#1246=EDGE_CURVE('',#981,#979,#438,.T.);
#1247=EDGE_CURVE('',#982,#980,#439,.T.);
#1248=EDGE_CURVE('',#981,#982,#440,.T.);
#1249=EDGE_CURVE('',#983,#981,#441,.T.);
#1250=EDGE_CURVE('',#984,#982,#442,.T.);
#1251=EDGE_CURVE('',#983,#984,#443,.T.);
#1252=EDGE_CURVE('',#985,#983,#444,.T.);
#1253=EDGE_CURVE('',#986,#984,#445,.T.);
#1254=EDGE_CURVE('',#985,#986,#446,.T.);
#1255=EDGE_CURVE('',#985,#987,#447,.T.);
#1256=EDGE_CURVE('',#988,#986,#448,.T.);
#1257=EDGE_CURVE('',#987,#988,#449,.T.);
#1258=EDGE_CURVE('',#989,#987,#450,.T.);
#1259=EDGE_CURVE('',#990,#988,#451,.T.);
#1260=EDGE_CURVE('',#989,#990,#452,.T.);
#1261=EDGE_CURVE('',#991,#989,#453,.T.);
#1262=EDGE_CURVE('',#992,#990,#454,.T.);
#1263=EDGE_CURVE('',#991,#992,#455,.T.);
#1264=EDGE_CURVE('',#993,#991,#456,.T.);
#1265=EDGE_CURVE('',#994,#992,#457,.T.);
#1266=EDGE_CURVE('',#993,#994,#458,.T.);
#1267=EDGE_CURVE('',#995,#993,#459,.T.);
#1268=EDGE_CURVE('',#996,#994,#460,.T.);
#1269=EDGE_CURVE('',#995,#996,#461,.T.);
#1270=EDGE_CURVE('',#997,#995,#462,.T.);
#1271=EDGE_CURVE('',#998,#996,#463,.T.);
#1272=EDGE_CURVE('',#997,#998,#464,.T.);
#1273=EDGE_CURVE('',#999,#997,#465,.T.);
#1274=EDGE_CURVE('',#1000,#998,#466,.T.);
#1275=EDGE_CURVE('',#999,#1000,#467,.T.);
#1276=EDGE_CURVE('',#1001,#999,#468,.T.);
#1277=EDGE_CURVE('',#1002,#1000,#469,.T.);
#1278=EDGE_CURVE('',#1001,#1002,#470,.T.);
#1279=EDGE_CURVE('',#1003,#1001,#65,.T.);
#1280=EDGE_CURVE('',#1004,#1002,#66,.T.);
#1281=EDGE_CURVE('',#1003,#1004,#471,.T.);
#1282=EDGE_CURVE('',#1005,#1003,#472,.T.);
#1283=EDGE_CURVE('',#1006,#1004,#473,.T.);
#1284=EDGE_CURVE('',#1005,#1006,#474,.T.);
#1285=EDGE_CURVE('',#1007,#1005,#475,.T.);
#1286=EDGE_CURVE('',#1008,#1006,#476,.T.);
#1287=EDGE_CURVE('',#1007,#1008,#477,.T.);
#1288=EDGE_CURVE('',#1009,#1007,#478,.T.);
#1289=EDGE_CURVE('',#1010,#1008,#479,.T.);
#1290=EDGE_CURVE('',#1009,#1010,#480,.T.);
#1291=EDGE_CURVE('',#1011,#1009,#481,.T.);
#1292=EDGE_CURVE('',#1012,#1010,#482,.T.);
#1293=EDGE_CURVE('',#1011,#1012,#483,.T.);
#1294=EDGE_CURVE('',#1013,#1011,#484,.T.);
#1295=EDGE_CURVE('',#1014,#1012,#485,.T.);
#1296=EDGE_CURVE('',#1013,#1014,#486,.T.);
#1297=EDGE_CURVE('',#1015,#1013,#487,.T.);
#1298=EDGE_CURVE('',#1016,#1014,#488,.T.);
#1299=EDGE_CURVE('',#1015,#1016,#489,.T.);
#1300=EDGE_CURVE('',#1015,#1017,#490,.T.);
#1301=EDGE_CURVE('',#1018,#1016,#491,.T.);
#1302=EDGE_CURVE('',#1017,#1018,#492,.T.);
#1303=EDGE_CURVE('',#1019,#1017,#493,.T.);
#1304=EDGE_CURVE('',#1020,#1018,#494,.T.);
#1305=EDGE_CURVE('',#1019,#1020,#495,.T.);
#1306=EDGE_CURVE('',#1019,#1021,#496,.T.);
#1307=EDGE_CURVE('',#1022,#1020,#497,.T.);
#1308=EDGE_CURVE('',#1021,#1022,#498,.T.);
#1309=EDGE_CURVE('',#1021,#1023,#499,.T.);
#1310=EDGE_CURVE('',#1024,#1022,#500,.T.);
#1311=EDGE_CURVE('',#1023,#1024,#501,.T.);
#1312=EDGE_CURVE('',#1023,#1025,#502,.T.);
#1313=EDGE_CURVE('',#1026,#1024,#503,.T.);
#1314=EDGE_CURVE('',#1025,#1026,#504,.T.);
#1315=EDGE_CURVE('',#1025,#1027,#505,.T.);
#1316=EDGE_CURVE('',#1028,#1026,#506,.T.);
#1317=EDGE_CURVE('',#1027,#1028,#507,.T.);
#1318=EDGE_CURVE('',#1027,#1029,#508,.T.);
#1319=EDGE_CURVE('',#1030,#1028,#509,.T.);
#1320=EDGE_CURVE('',#1029,#1030,#510,.T.);
#1321=EDGE_CURVE('',#1029,#1031,#511,.T.);
#1322=EDGE_CURVE('',#1032,#1030,#512,.T.);
#1323=EDGE_CURVE('',#1031,#1032,#513,.T.);
#1324=EDGE_CURVE('',#1033,#1031,#67,.T.);
#1325=EDGE_CURVE('',#1034,#1032,#68,.T.);
#1326=EDGE_CURVE('',#1033,#1034,#514,.T.);
#1327=EDGE_CURVE('',#1033,#1035,#515,.T.);
#1328=EDGE_CURVE('',#1036,#1034,#516,.T.);
#1329=EDGE_CURVE('',#1035,#1036,#517,.T.);
#1330=EDGE_CURVE('',#1035,#1037,#518,.T.);
#1331=EDGE_CURVE('',#1038,#1036,#519,.T.);
#1332=EDGE_CURVE('',#1037,#1038,#520,.T.);
#1333=EDGE_CURVE('',#1037,#1039,#521,.T.);
#1334=EDGE_CURVE('',#1040,#1038,#522,.T.);
#1335=EDGE_CURVE('',#1039,#1040,#523,.T.);
#1336=EDGE_CURVE('',#1039,#1041,#524,.T.);
#1337=EDGE_CURVE('',#1042,#1040,#525,.T.);
#1338=EDGE_CURVE('',#1041,#1042,#526,.T.);
#1339=EDGE_CURVE('',#1041,#1043,#527,.T.);
#1340=EDGE_CURVE('',#1044,#1042,#528,.T.);
#1341=EDGE_CURVE('',#1043,#1044,#529,.T.);
#1342=EDGE_CURVE('',#1043,#1045,#530,.T.);
#1343=EDGE_CURVE('',#1046,#1044,#531,.T.);
#1344=EDGE_CURVE('',#1045,#1046,#532,.T.);
#1345=EDGE_CURVE('',#1045,#1047,#533,.T.);
#1346=EDGE_CURVE('',#1048,#1046,#534,.T.);
#1347=EDGE_CURVE('',#1047,#1048,#535,.T.);
#1348=EDGE_CURVE('',#1049,#1047,#536,.T.);
#1349=EDGE_CURVE('',#1050,#1048,#537,.T.);
#1350=EDGE_CURVE('',#1049,#1050,#538,.T.);
#1351=EDGE_CURVE('',#1049,#1051,#539,.T.);
#1352=EDGE_CURVE('',#1052,#1050,#540,.T.);
#1353=EDGE_CURVE('',#1051,#1052,#541,.T.);
#1354=EDGE_CURVE('',#1051,#1053,#542,.T.);
#1355=EDGE_CURVE('',#1054,#1052,#543,.T.);
#1356=EDGE_CURVE('',#1053,#1054,#544,.T.);
#1357=EDGE_CURVE('',#1053,#1055,#545,.T.);
#1358=EDGE_CURVE('',#1056,#1054,#546,.T.);
#1359=EDGE_CURVE('',#1055,#1056,#547,.T.);
#1360=EDGE_CURVE('',#1057,#1055,#548,.T.);
#1361=EDGE_CURVE('',#1058,#1056,#549,.T.);
#1362=EDGE_CURVE('',#1057,#1058,#550,.T.);
#1363=EDGE_CURVE('',#1059,#1057,#551,.T.);
#1364=EDGE_CURVE('',#1060,#1058,#552,.T.);
#1365=EDGE_CURVE('',#1059,#1060,#553,.T.);
#1366=EDGE_CURVE('',#1059,#1061,#554,.T.);
#1367=EDGE_CURVE('',#1062,#1060,#555,.T.);
#1368=EDGE_CURVE('',#1061,#1062,#556,.T.);
#1369=EDGE_CURVE('',#1063,#1061,#69,.T.);
#1370=EDGE_CURVE('',#1064,#1062,#70,.T.);
#1371=EDGE_CURVE('',#1063,#1064,#557,.T.);
#1372=EDGE_CURVE('',#1063,#1065,#558,.T.);
#1373=EDGE_CURVE('',#1066,#1064,#559,.T.);
#1374=EDGE_CURVE('',#1065,#1066,#560,.T.);
#1375=EDGE_CURVE('',#1065,#1067,#561,.T.);
#1376=EDGE_CURVE('',#1068,#1066,#562,.T.);
#1377=EDGE_CURVE('',#1067,#1068,#563,.T.);
#1378=EDGE_CURVE('',#1067,#1069,#564,.T.);
#1379=EDGE_CURVE('',#1070,#1068,#565,.T.);
#1380=EDGE_CURVE('',#1069,#1070,#566,.T.);
#1381=EDGE_CURVE('',#1069,#1071,#567,.T.);
#1382=EDGE_CURVE('',#1072,#1070,#568,.T.);
#1383=EDGE_CURVE('',#1071,#1072,#569,.T.);
#1384=EDGE_CURVE('',#1071,#1073,#570,.T.);
#1385=EDGE_CURVE('',#1074,#1072,#571,.T.);
#1386=EDGE_CURVE('',#1073,#1074,#572,.T.);
#1387=EDGE_CURVE('',#1073,#1075,#573,.T.);
#1388=EDGE_CURVE('',#1076,#1074,#574,.T.);
#1389=EDGE_CURVE('',#1075,#1076,#575,.T.);
#1390=EDGE_CURVE('',#1075,#1077,#576,.T.);
#1391=EDGE_CURVE('',#1078,#1076,#577,.T.);
#1392=EDGE_CURVE('',#1077,#1078,#578,.T.);
#1393=EDGE_CURVE('',#1079,#1077,#579,.T.);
#1394=EDGE_CURVE('',#1080,#1078,#580,.T.);
#1395=EDGE_CURVE('',#1079,#1080,#581,.T.);
#1396=EDGE_CURVE('',#1081,#1079,#582,.T.);
#1397=EDGE_CURVE('',#1082,#1080,#583,.T.);
#1398=EDGE_CURVE('',#1081,#1082,#584,.T.);
#1399=EDGE_CURVE('',#1083,#1081,#585,.T.);
#1400=EDGE_CURVE('',#1084,#1082,#586,.T.);
#1401=EDGE_CURVE('',#1083,#1084,#587,.T.);
#1402=EDGE_CURVE('',#1085,#1083,#588,.T.);
#1403=EDGE_CURVE('',#1086,#1084,#589,.T.);
#1404=EDGE_CURVE('',#1085,#1086,#590,.T.);
#1405=EDGE_CURVE('',#1087,#1085,#591,.T.);
#1406=EDGE_CURVE('',#1088,#1086,#592,.T.);
#1407=EDGE_CURVE('',#1087,#1088,#593,.T.);
#1408=EDGE_CURVE('',#1089,#1087,#594,.T.);
#1409=EDGE_CURVE('',#1090,#1088,#595,.T.);
#1410=EDGE_CURVE('',#1089,#1090,#596,.T.);
#1411=EDGE_CURVE('',#1091,#1089,#597,.T.);
#1412=EDGE_CURVE('',#1092,#1090,#598,.T.);
#1413=EDGE_CURVE('',#1091,#1092,#599,.T.);
#1414=EDGE_CURVE('',#1093,#1091,#71,.T.);
#1415=EDGE_CURVE('',#1094,#1092,#72,.T.);
#1416=EDGE_CURVE('',#1093,#1094,#600,.T.);
#1417=EDGE_CURVE('',#975,#1093,#601,.T.);
#1418=EDGE_CURVE('',#977,#1094,#602,.T.);
#1419=ORIENTED_EDGE('',*,*,#1095,.T.);
#1420=ORIENTED_EDGE('',*,*,#1096,.T.);
#1421=ORIENTED_EDGE('',*,*,#1097,.F.);
#1422=ORIENTED_EDGE('',*,*,#1098,.F.);
#1423=ORIENTED_EDGE('',*,*,#1099,.T.);
#1424=ORIENTED_EDGE('',*,*,#1098,.T.);
#1425=ORIENTED_EDGE('',*,*,#1100,.F.);
#1426=ORIENTED_EDGE('',*,*,#1101,.F.);
#1427=ORIENTED_EDGE('',*,*,#1102,.T.);
#1428=ORIENTED_EDGE('',*,*,#1101,.T.);
#1429=ORIENTED_EDGE('',*,*,#1103,.F.);
#1430=ORIENTED_EDGE('',*,*,#1104,.F.);
#1431=ORIENTED_EDGE('',*,*,#1105,.T.);
#1432=ORIENTED_EDGE('',*,*,#1104,.T.);
#1433=ORIENTED_EDGE('',*,*,#1106,.F.);
#1434=ORIENTED_EDGE('',*,*,#1107,.F.);
#1435=ORIENTED_EDGE('',*,*,#1108,.T.);
#1436=ORIENTED_EDGE('',*,*,#1107,.T.);
#1437=ORIENTED_EDGE('',*,*,#1109,.F.);
#1438=ORIENTED_EDGE('',*,*,#1110,.F.);
#1439=ORIENTED_EDGE('',*,*,#1111,.T.);
#1440=ORIENTED_EDGE('',*,*,#1110,.T.);
#1441=ORIENTED_EDGE('',*,*,#1112,.F.);
#1442=ORIENTED_EDGE('',*,*,#1113,.F.);
#1443=ORIENTED_EDGE('',*,*,#1114,.T.);
#1444=ORIENTED_EDGE('',*,*,#1113,.T.);
#1445=ORIENTED_EDGE('',*,*,#1115,.F.);
#1446=ORIENTED_EDGE('',*,*,#1116,.F.);
#1447=ORIENTED_EDGE('',*,*,#1117,.T.);
#1448=ORIENTED_EDGE('',*,*,#1116,.T.);
#1449=ORIENTED_EDGE('',*,*,#1118,.F.);
#1450=ORIENTED_EDGE('',*,*,#1119,.F.);
#1451=ORIENTED_EDGE('',*,*,#1120,.T.);
#1452=ORIENTED_EDGE('',*,*,#1119,.T.);
#1453=ORIENTED_EDGE('',*,*,#1121,.F.);
#1454=ORIENTED_EDGE('',*,*,#1122,.F.);
#1455=ORIENTED_EDGE('',*,*,#1123,.T.);
#1456=ORIENTED_EDGE('',*,*,#1122,.T.);
#1457=ORIENTED_EDGE('',*,*,#1124,.F.);
#1458=ORIENTED_EDGE('',*,*,#1125,.F.);
#1459=ORIENTED_EDGE('',*,*,#1126,.T.);
#1460=ORIENTED_EDGE('',*,*,#1125,.T.);
#1461=ORIENTED_EDGE('',*,*,#1127,.F.);
#1462=ORIENTED_EDGE('',*,*,#1128,.F.);
#1463=ORIENTED_EDGE('',*,*,#1129,.T.);
#1464=ORIENTED_EDGE('',*,*,#1128,.T.);
#1465=ORIENTED_EDGE('',*,*,#1130,.F.);
#1466=ORIENTED_EDGE('',*,*,#1131,.F.);
#1467=ORIENTED_EDGE('',*,*,#1132,.T.);
#1468=ORIENTED_EDGE('',*,*,#1131,.T.);
#1469=ORIENTED_EDGE('',*,*,#1133,.F.);
#1470=ORIENTED_EDGE('',*,*,#1134,.F.);
#1471=ORIENTED_EDGE('',*,*,#1135,.T.);
#1472=ORIENTED_EDGE('',*,*,#1134,.T.);
#1473=ORIENTED_EDGE('',*,*,#1136,.F.);
#1474=ORIENTED_EDGE('',*,*,#1137,.F.);
#1475=ORIENTED_EDGE('',*,*,#1138,.T.);
#1476=ORIENTED_EDGE('',*,*,#1137,.T.);
#1477=ORIENTED_EDGE('',*,*,#1139,.F.);
#1478=ORIENTED_EDGE('',*,*,#1140,.F.);
#1479=ORIENTED_EDGE('',*,*,#1141,.T.);
#1480=ORIENTED_EDGE('',*,*,#1140,.T.);
#1481=ORIENTED_EDGE('',*,*,#1142,.F.);
#1482=ORIENTED_EDGE('',*,*,#1096,.F.);
#1483=ORIENTED_EDGE('',*,*,#1143,.T.);
#1484=ORIENTED_EDGE('',*,*,#1144,.T.);
#1485=ORIENTED_EDGE('',*,*,#1145,.F.);
#1486=ORIENTED_EDGE('',*,*,#1146,.F.);
#1487=ORIENTED_EDGE('',*,*,#1147,.T.);
#1488=ORIENTED_EDGE('',*,*,#1146,.T.);
#1489=ORIENTED_EDGE('',*,*,#1148,.F.);
#1490=ORIENTED_EDGE('',*,*,#1149,.F.);
#1491=ORIENTED_EDGE('',*,*,#1150,.T.);
#1492=ORIENTED_EDGE('',*,*,#1149,.T.);
#1493=ORIENTED_EDGE('',*,*,#1151,.F.);
#1494=ORIENTED_EDGE('',*,*,#1152,.F.);
#1495=ORIENTED_EDGE('',*,*,#1153,.T.);
#1496=ORIENTED_EDGE('',*,*,#1152,.T.);
#1497=ORIENTED_EDGE('',*,*,#1154,.F.);
#1498=ORIENTED_EDGE('',*,*,#1155,.F.);
#1499=ORIENTED_EDGE('',*,*,#1156,.T.);
#1500=ORIENTED_EDGE('',*,*,#1155,.T.);
#1501=ORIENTED_EDGE('',*,*,#1157,.F.);
#1502=ORIENTED_EDGE('',*,*,#1158,.F.);
#1503=ORIENTED_EDGE('',*,*,#1159,.T.);
#1504=ORIENTED_EDGE('',*,*,#1158,.T.);
#1505=ORIENTED_EDGE('',*,*,#1160,.F.);
#1506=ORIENTED_EDGE('',*,*,#1161,.F.);
#1507=ORIENTED_EDGE('',*,*,#1162,.T.);
#1508=ORIENTED_EDGE('',*,*,#1161,.T.);
#1509=ORIENTED_EDGE('',*,*,#1163,.F.);
#1510=ORIENTED_EDGE('',*,*,#1164,.F.);
#1511=ORIENTED_EDGE('',*,*,#1165,.T.);
#1512=ORIENTED_EDGE('',*,*,#1164,.T.);
#1513=ORIENTED_EDGE('',*,*,#1166,.F.);
#1514=ORIENTED_EDGE('',*,*,#1144,.F.);
#1515=ORIENTED_EDGE('',*,*,#1167,.T.);
#1516=ORIENTED_EDGE('',*,*,#1168,.T.);
#1517=ORIENTED_EDGE('',*,*,#1169,.F.);
#1518=ORIENTED_EDGE('',*,*,#1170,.F.);
#1519=ORIENTED_EDGE('',*,*,#1171,.T.);
#1520=ORIENTED_EDGE('',*,*,#1170,.T.);
#1521=ORIENTED_EDGE('',*,*,#1172,.F.);
#1522=ORIENTED_EDGE('',*,*,#1173,.F.);
#1523=ORIENTED_EDGE('',*,*,#1174,.T.);
#1524=ORIENTED_EDGE('',*,*,#1173,.T.);
#1525=ORIENTED_EDGE('',*,*,#1175,.F.);
#1526=ORIENTED_EDGE('',*,*,#1176,.F.);
#1527=ORIENTED_EDGE('',*,*,#1177,.T.);
#1528=ORIENTED_EDGE('',*,*,#1176,.T.);
#1529=ORIENTED_EDGE('',*,*,#1178,.F.);
#1530=ORIENTED_EDGE('',*,*,#1179,.F.);
#1531=ORIENTED_EDGE('',*,*,#1180,.T.);
#1532=ORIENTED_EDGE('',*,*,#1179,.T.);
#1533=ORIENTED_EDGE('',*,*,#1181,.F.);
#1534=ORIENTED_EDGE('',*,*,#1182,.F.);
#1535=ORIENTED_EDGE('',*,*,#1183,.T.);
#1536=ORIENTED_EDGE('',*,*,#1182,.T.);
#1537=ORIENTED_EDGE('',*,*,#1184,.F.);
#1538=ORIENTED_EDGE('',*,*,#1185,.F.);
#1539=ORIENTED_EDGE('',*,*,#1186,.T.);
#1540=ORIENTED_EDGE('',*,*,#1185,.T.);
#1541=ORIENTED_EDGE('',*,*,#1187,.F.);
#1542=ORIENTED_EDGE('',*,*,#1188,.F.);
#1543=ORIENTED_EDGE('',*,*,#1189,.T.);
#1544=ORIENTED_EDGE('',*,*,#1188,.T.);
#1545=ORIENTED_EDGE('',*,*,#1190,.F.);
#1546=ORIENTED_EDGE('',*,*,#1168,.F.);
#1547=ORIENTED_EDGE('',*,*,#1191,.T.);
#1548=ORIENTED_EDGE('',*,*,#1192,.T.);
#1549=ORIENTED_EDGE('',*,*,#1193,.F.);
#1550=ORIENTED_EDGE('',*,*,#1194,.F.);
#1551=ORIENTED_EDGE('',*,*,#1195,.T.);
#1552=ORIENTED_EDGE('',*,*,#1194,.T.);
#1553=ORIENTED_EDGE('',*,*,#1196,.F.);
#1554=ORIENTED_EDGE('',*,*,#1197,.F.);
#1555=ORIENTED_EDGE('',*,*,#1198,.T.);
#1556=ORIENTED_EDGE('',*,*,#1197,.T.);
#1557=ORIENTED_EDGE('',*,*,#1199,.F.);
#1558=ORIENTED_EDGE('',*,*,#1200,.F.);
#1559=ORIENTED_EDGE('',*,*,#1201,.T.);
#1560=ORIENTED_EDGE('',*,*,#1200,.T.);
#1561=ORIENTED_EDGE('',*,*,#1202,.F.);
#1562=ORIENTED_EDGE('',*,*,#1203,.F.);
#1563=ORIENTED_EDGE('',*,*,#1204,.T.);
#1564=ORIENTED_EDGE('',*,*,#1203,.T.);
#1565=ORIENTED_EDGE('',*,*,#1205,.F.);
#1566=ORIENTED_EDGE('',*,*,#1206,.F.);
#1567=ORIENTED_EDGE('',*,*,#1207,.T.);
#1568=ORIENTED_EDGE('',*,*,#1206,.T.);
#1569=ORIENTED_EDGE('',*,*,#1208,.F.);
#1570=ORIENTED_EDGE('',*,*,#1209,.F.);
#1571=ORIENTED_EDGE('',*,*,#1210,.T.);
#1572=ORIENTED_EDGE('',*,*,#1209,.T.);
#1573=ORIENTED_EDGE('',*,*,#1211,.F.);
#1574=ORIENTED_EDGE('',*,*,#1212,.F.);
#1575=ORIENTED_EDGE('',*,*,#1213,.T.);
#1576=ORIENTED_EDGE('',*,*,#1212,.T.);
#1577=ORIENTED_EDGE('',*,*,#1214,.F.);
#1578=ORIENTED_EDGE('',*,*,#1192,.F.);
#1579=ORIENTED_EDGE('',*,*,#1215,.T.);
#1580=ORIENTED_EDGE('',*,*,#1216,.T.);
#1581=ORIENTED_EDGE('',*,*,#1217,.F.);
#1582=ORIENTED_EDGE('',*,*,#1218,.F.);
#1583=ORIENTED_EDGE('',*,*,#1219,.T.);
#1584=ORIENTED_EDGE('',*,*,#1218,.T.);
#1585=ORIENTED_EDGE('',*,*,#1220,.F.);
#1586=ORIENTED_EDGE('',*,*,#1221,.F.);
#1587=ORIENTED_EDGE('',*,*,#1222,.T.);
#1588=ORIENTED_EDGE('',*,*,#1221,.T.);
#1589=ORIENTED_EDGE('',*,*,#1223,.F.);
#1590=ORIENTED_EDGE('',*,*,#1224,.F.);
#1591=ORIENTED_EDGE('',*,*,#1225,.T.);
#1592=ORIENTED_EDGE('',*,*,#1224,.T.);
#1593=ORIENTED_EDGE('',*,*,#1226,.F.);
#1594=ORIENTED_EDGE('',*,*,#1227,.F.);
#1595=ORIENTED_EDGE('',*,*,#1228,.T.);
#1596=ORIENTED_EDGE('',*,*,#1227,.T.);
#1597=ORIENTED_EDGE('',*,*,#1229,.F.);
#1598=ORIENTED_EDGE('',*,*,#1230,.F.);
#1599=ORIENTED_EDGE('',*,*,#1231,.T.);
#1600=ORIENTED_EDGE('',*,*,#1230,.T.);
#1601=ORIENTED_EDGE('',*,*,#1232,.F.);
#1602=ORIENTED_EDGE('',*,*,#1233,.F.);
#1603=ORIENTED_EDGE('',*,*,#1234,.T.);
#1604=ORIENTED_EDGE('',*,*,#1233,.T.);
#1605=ORIENTED_EDGE('',*,*,#1235,.F.);
#1606=ORIENTED_EDGE('',*,*,#1236,.F.);
#1607=ORIENTED_EDGE('',*,*,#1237,.T.);
#1608=ORIENTED_EDGE('',*,*,#1236,.T.);
#1609=ORIENTED_EDGE('',*,*,#1238,.F.);
#1610=ORIENTED_EDGE('',*,*,#1216,.F.);
#1611=ORIENTED_EDGE('',*,*,#1239,.F.);
#1612=ORIENTED_EDGE('',*,*,#1240,.T.);
#1613=ORIENTED_EDGE('',*,*,#1241,.F.);
#1614=ORIENTED_EDGE('',*,*,#1242,.F.);
#1615=ORIENTED_EDGE('',*,*,#1243,.F.);
#1616=ORIENTED_EDGE('',*,*,#1242,.T.);
#1617=ORIENTED_EDGE('',*,*,#1244,.F.);
#1618=ORIENTED_EDGE('',*,*,#1245,.F.);
#1619=ORIENTED_EDGE('',*,*,#1246,.T.);
#1620=ORIENTED_EDGE('',*,*,#1245,.T.);
#1621=ORIENTED_EDGE('',*,*,#1247,.F.);
#1622=ORIENTED_EDGE('',*,*,#1248,.F.);
#1623=ORIENTED_EDGE('',*,*,#1249,.T.);
#1624=ORIENTED_EDGE('',*,*,#1248,.T.);
#1625=ORIENTED_EDGE('',*,*,#1250,.F.);
#1626=ORIENTED_EDGE('',*,*,#1251,.F.);
#1627=ORIENTED_EDGE('',*,*,#1252,.T.);
#1628=ORIENTED_EDGE('',*,*,#1251,.T.);
#1629=ORIENTED_EDGE('',*,*,#1253,.F.);
#1630=ORIENTED_EDGE('',*,*,#1254,.F.);
#1631=ORIENTED_EDGE('',*,*,#1255,.F.);
#1632=ORIENTED_EDGE('',*,*,#1254,.T.);
#1633=ORIENTED_EDGE('',*,*,#1256,.F.);
#1634=ORIENTED_EDGE('',*,*,#1257,.F.);
#1635=ORIENTED_EDGE('',*,*,#1258,.T.);
#1636=ORIENTED_EDGE('',*,*,#1257,.T.);
#1637=ORIENTED_EDGE('',*,*,#1259,.F.);
#1638=ORIENTED_EDGE('',*,*,#1260,.F.);
#1639=ORIENTED_EDGE('',*,*,#1261,.T.);
#1640=ORIENTED_EDGE('',*,*,#1260,.T.);
#1641=ORIENTED_EDGE('',*,*,#1262,.F.);
#1642=ORIENTED_EDGE('',*,*,#1263,.F.);
#1643=ORIENTED_EDGE('',*,*,#1264,.T.);
#1644=ORIENTED_EDGE('',*,*,#1263,.T.);
#1645=ORIENTED_EDGE('',*,*,#1265,.F.);
#1646=ORIENTED_EDGE('',*,*,#1266,.F.);
#1647=ORIENTED_EDGE('',*,*,#1267,.T.);
#1648=ORIENTED_EDGE('',*,*,#1266,.T.);
#1649=ORIENTED_EDGE('',*,*,#1268,.F.);
#1650=ORIENTED_EDGE('',*,*,#1269,.F.);
#1651=ORIENTED_EDGE('',*,*,#1270,.T.);
#1652=ORIENTED_EDGE('',*,*,#1269,.T.);
#1653=ORIENTED_EDGE('',*,*,#1271,.F.);
#1654=ORIENTED_EDGE('',*,*,#1272,.F.);
#1655=ORIENTED_EDGE('',*,*,#1273,.T.);
#1656=ORIENTED_EDGE('',*,*,#1272,.T.);
#1657=ORIENTED_EDGE('',*,*,#1274,.F.);
#1658=ORIENTED_EDGE('',*,*,#1275,.F.);
#1659=ORIENTED_EDGE('',*,*,#1276,.T.);
#1660=ORIENTED_EDGE('',*,*,#1275,.T.);
#1661=ORIENTED_EDGE('',*,*,#1277,.F.);
#1662=ORIENTED_EDGE('',*,*,#1278,.F.);
#1663=ORIENTED_EDGE('',*,*,#1279,.T.);
#1664=ORIENTED_EDGE('',*,*,#1278,.T.);
#1665=ORIENTED_EDGE('',*,*,#1280,.F.);
#1666=ORIENTED_EDGE('',*,*,#1281,.F.);
#1667=ORIENTED_EDGE('',*,*,#1282,.T.);
#1668=ORIENTED_EDGE('',*,*,#1281,.T.);
#1669=ORIENTED_EDGE('',*,*,#1283,.F.);
#1670=ORIENTED_EDGE('',*,*,#1284,.F.);
#1671=ORIENTED_EDGE('',*,*,#1285,.T.);
#1672=ORIENTED_EDGE('',*,*,#1284,.T.);
#1673=ORIENTED_EDGE('',*,*,#1286,.F.);
#1674=ORIENTED_EDGE('',*,*,#1287,.F.);
#1675=ORIENTED_EDGE('',*,*,#1288,.T.);
#1676=ORIENTED_EDGE('',*,*,#1287,.T.);
#1677=ORIENTED_EDGE('',*,*,#1289,.F.);
#1678=ORIENTED_EDGE('',*,*,#1290,.F.);
#1679=ORIENTED_EDGE('',*,*,#1291,.T.);
#1680=ORIENTED_EDGE('',*,*,#1290,.T.);
#1681=ORIENTED_EDGE('',*,*,#1292,.F.);
#1682=ORIENTED_EDGE('',*,*,#1293,.F.);
#1683=ORIENTED_EDGE('',*,*,#1294,.T.);
#1684=ORIENTED_EDGE('',*,*,#1293,.T.);
#1685=ORIENTED_EDGE('',*,*,#1295,.F.);
#1686=ORIENTED_EDGE('',*,*,#1296,.F.);
#1687=ORIENTED_EDGE('',*,*,#1297,.T.);
#1688=ORIENTED_EDGE('',*,*,#1296,.T.);
#1689=ORIENTED_EDGE('',*,*,#1298,.F.);
#1690=ORIENTED_EDGE('',*,*,#1299,.F.);
#1691=ORIENTED_EDGE('',*,*,#1300,.F.);
#1692=ORIENTED_EDGE('',*,*,#1299,.T.);
#1693=ORIENTED_EDGE('',*,*,#1301,.F.);
#1694=ORIENTED_EDGE('',*,*,#1302,.F.);
#1695=ORIENTED_EDGE('',*,*,#1303,.T.);
#1696=ORIENTED_EDGE('',*,*,#1302,.T.);
#1697=ORIENTED_EDGE('',*,*,#1304,.F.);
#1698=ORIENTED_EDGE('',*,*,#1305,.F.);
#1699=ORIENTED_EDGE('',*,*,#1306,.F.);
#1700=ORIENTED_EDGE('',*,*,#1305,.T.);
#1701=ORIENTED_EDGE('',*,*,#1307,.F.);
#1702=ORIENTED_EDGE('',*,*,#1308,.F.);
#1703=ORIENTED_EDGE('',*,*,#1309,.F.);
#1704=ORIENTED_EDGE('',*,*,#1308,.T.);
#1705=ORIENTED_EDGE('',*,*,#1310,.F.);
#1706=ORIENTED_EDGE('',*,*,#1311,.F.);
#1707=ORIENTED_EDGE('',*,*,#1312,.F.);
#1708=ORIENTED_EDGE('',*,*,#1311,.T.);
#1709=ORIENTED_EDGE('',*,*,#1313,.F.);
#1710=ORIENTED_EDGE('',*,*,#1314,.F.);
#1711=ORIENTED_EDGE('',*,*,#1315,.F.);
#1712=ORIENTED_EDGE('',*,*,#1314,.T.);
#1713=ORIENTED_EDGE('',*,*,#1316,.F.);
#1714=ORIENTED_EDGE('',*,*,#1317,.F.);
#1715=ORIENTED_EDGE('',*,*,#1318,.F.);
#1716=ORIENTED_EDGE('',*,*,#1317,.T.);
#1717=ORIENTED_EDGE('',*,*,#1319,.F.);
#1718=ORIENTED_EDGE('',*,*,#1320,.F.);
#1719=ORIENTED_EDGE('',*,*,#1321,.F.);
#1720=ORIENTED_EDGE('',*,*,#1320,.T.);
#1721=ORIENTED_EDGE('',*,*,#1322,.F.);
#1722=ORIENTED_EDGE('',*,*,#1323,.F.);
#1723=ORIENTED_EDGE('',*,*,#1324,.T.);
#1724=ORIENTED_EDGE('',*,*,#1323,.T.);
#1725=ORIENTED_EDGE('',*,*,#1325,.F.);
#1726=ORIENTED_EDGE('',*,*,#1326,.F.);
#1727=ORIENTED_EDGE('',*,*,#1327,.F.);
#1728=ORIENTED_EDGE('',*,*,#1326,.T.);
#1729=ORIENTED_EDGE('',*,*,#1328,.F.);
#1730=ORIENTED_EDGE('',*,*,#1329,.F.);
#1731=ORIENTED_EDGE('',*,*,#1330,.F.);
#1732=ORIENTED_EDGE('',*,*,#1329,.T.);
#1733=ORIENTED_EDGE('',*,*,#1331,.F.);
#1734=ORIENTED_EDGE('',*,*,#1332,.F.);
#1735=ORIENTED_EDGE('',*,*,#1333,.F.);
#1736=ORIENTED_EDGE('',*,*,#1332,.T.);
#1737=ORIENTED_EDGE('',*,*,#1334,.F.);
#1738=ORIENTED_EDGE('',*,*,#1335,.F.);
#1739=ORIENTED_EDGE('',*,*,#1336,.F.);
#1740=ORIENTED_EDGE('',*,*,#1335,.T.);
#1741=ORIENTED_EDGE('',*,*,#1337,.F.);
#1742=ORIENTED_EDGE('',*,*,#1338,.F.);
#1743=ORIENTED_EDGE('',*,*,#1339,.F.);
#1744=ORIENTED_EDGE('',*,*,#1338,.T.);
#1745=ORIENTED_EDGE('',*,*,#1340,.F.);
#1746=ORIENTED_EDGE('',*,*,#1341,.F.);
#1747=ORIENTED_EDGE('',*,*,#1342,.F.);
#1748=ORIENTED_EDGE('',*,*,#1341,.T.);
#1749=ORIENTED_EDGE('',*,*,#1343,.F.);
#1750=ORIENTED_EDGE('',*,*,#1344,.F.);
#1751=ORIENTED_EDGE('',*,*,#1345,.F.);
#1752=ORIENTED_EDGE('',*,*,#1344,.T.);
#1753=ORIENTED_EDGE('',*,*,#1346,.F.);
#1754=ORIENTED_EDGE('',*,*,#1347,.F.);
#1755=ORIENTED_EDGE('',*,*,#1348,.T.);
#1756=ORIENTED_EDGE('',*,*,#1347,.T.);
#1757=ORIENTED_EDGE('',*,*,#1349,.F.);
#1758=ORIENTED_EDGE('',*,*,#1350,.F.);
#1759=ORIENTED_EDGE('',*,*,#1351,.F.);
#1760=ORIENTED_EDGE('',*,*,#1350,.T.);
#1761=ORIENTED_EDGE('',*,*,#1352,.F.);
#1762=ORIENTED_EDGE('',*,*,#1353,.F.);
#1763=ORIENTED_EDGE('',*,*,#1354,.F.);
#1764=ORIENTED_EDGE('',*,*,#1353,.T.);
#1765=ORIENTED_EDGE('',*,*,#1355,.F.);
#1766=ORIENTED_EDGE('',*,*,#1356,.F.);
#1767=ORIENTED_EDGE('',*,*,#1357,.F.);
#1768=ORIENTED_EDGE('',*,*,#1356,.T.);
#1769=ORIENTED_EDGE('',*,*,#1358,.F.);
#1770=ORIENTED_EDGE('',*,*,#1359,.F.);
#1771=ORIENTED_EDGE('',*,*,#1360,.T.);
#1772=ORIENTED_EDGE('',*,*,#1359,.T.);
#1773=ORIENTED_EDGE('',*,*,#1361,.F.);
#1774=ORIENTED_EDGE('',*,*,#1362,.F.);
#1775=ORIENTED_EDGE('',*,*,#1363,.T.);
#1776=ORIENTED_EDGE('',*,*,#1362,.T.);
#1777=ORIENTED_EDGE('',*,*,#1364,.F.);
#1778=ORIENTED_EDGE('',*,*,#1365,.F.);
#1779=ORIENTED_EDGE('',*,*,#1366,.F.);
#1780=ORIENTED_EDGE('',*,*,#1365,.T.);
#1781=ORIENTED_EDGE('',*,*,#1367,.F.);
#1782=ORIENTED_EDGE('',*,*,#1368,.F.);
#1783=ORIENTED_EDGE('',*,*,#1369,.T.);
#1784=ORIENTED_EDGE('',*,*,#1368,.T.);
#1785=ORIENTED_EDGE('',*,*,#1370,.F.);
#1786=ORIENTED_EDGE('',*,*,#1371,.F.);
#1787=ORIENTED_EDGE('',*,*,#1372,.F.);
#1788=ORIENTED_EDGE('',*,*,#1371,.T.);
#1789=ORIENTED_EDGE('',*,*,#1373,.F.);
#1790=ORIENTED_EDGE('',*,*,#1374,.F.);
#1791=ORIENTED_EDGE('',*,*,#1375,.F.);
#1792=ORIENTED_EDGE('',*,*,#1374,.T.);
#1793=ORIENTED_EDGE('',*,*,#1376,.F.);
#1794=ORIENTED_EDGE('',*,*,#1377,.F.);
#1795=ORIENTED_EDGE('',*,*,#1378,.F.);
#1796=ORIENTED_EDGE('',*,*,#1377,.T.);
#1797=ORIENTED_EDGE('',*,*,#1379,.F.);
#1798=ORIENTED_EDGE('',*,*,#1380,.F.);
#1799=ORIENTED_EDGE('',*,*,#1381,.F.);
#1800=ORIENTED_EDGE('',*,*,#1380,.T.);
#1801=ORIENTED_EDGE('',*,*,#1382,.F.);
#1802=ORIENTED_EDGE('',*,*,#1383,.F.);
#1803=ORIENTED_EDGE('',*,*,#1384,.F.);
#1804=ORIENTED_EDGE('',*,*,#1383,.T.);
#1805=ORIENTED_EDGE('',*,*,#1385,.F.);
#1806=ORIENTED_EDGE('',*,*,#1386,.F.);
#1807=ORIENTED_EDGE('',*,*,#1387,.F.);
#1808=ORIENTED_EDGE('',*,*,#1386,.T.);
#1809=ORIENTED_EDGE('',*,*,#1388,.F.);
#1810=ORIENTED_EDGE('',*,*,#1389,.F.);
#1811=ORIENTED_EDGE('',*,*,#1390,.F.);
#1812=ORIENTED_EDGE('',*,*,#1389,.T.);
#1813=ORIENTED_EDGE('',*,*,#1391,.F.);
#1814=ORIENTED_EDGE('',*,*,#1392,.F.);
#1815=ORIENTED_EDGE('',*,*,#1393,.T.);
#1816=ORIENTED_EDGE('',*,*,#1392,.T.);
#1817=ORIENTED_EDGE('',*,*,#1394,.F.);
#1818=ORIENTED_EDGE('',*,*,#1395,.F.);
#1819=ORIENTED_EDGE('',*,*,#1396,.T.);
#1820=ORIENTED_EDGE('',*,*,#1395,.T.);
#1821=ORIENTED_EDGE('',*,*,#1397,.F.);
#1822=ORIENTED_EDGE('',*,*,#1398,.F.);
#1823=ORIENTED_EDGE('',*,*,#1399,.T.);
#1824=ORIENTED_EDGE('',*,*,#1398,.T.);
#1825=ORIENTED_EDGE('',*,*,#1400,.F.);
#1826=ORIENTED_EDGE('',*,*,#1401,.F.);
#1827=ORIENTED_EDGE('',*,*,#1402,.T.);
#1828=ORIENTED_EDGE('',*,*,#1401,.T.);
#1829=ORIENTED_EDGE('',*,*,#1403,.F.);
#1830=ORIENTED_EDGE('',*,*,#1404,.F.);
#1831=ORIENTED_EDGE('',*,*,#1405,.T.);
#1832=ORIENTED_EDGE('',*,*,#1404,.T.);
#1833=ORIENTED_EDGE('',*,*,#1406,.F.);
#1834=ORIENTED_EDGE('',*,*,#1407,.F.);
#1835=ORIENTED_EDGE('',*,*,#1408,.T.);
#1836=ORIENTED_EDGE('',*,*,#1407,.T.);
#1837=ORIENTED_EDGE('',*,*,#1409,.F.);
#1838=ORIENTED_EDGE('',*,*,#1410,.F.);
#1839=ORIENTED_EDGE('',*,*,#1411,.T.);
#1840=ORIENTED_EDGE('',*,*,#1410,.T.);
#1841=ORIENTED_EDGE('',*,*,#1412,.F.);
#1842=ORIENTED_EDGE('',*,*,#1413,.F.);
#1843=ORIENTED_EDGE('',*,*,#1414,.T.);
#1844=ORIENTED_EDGE('',*,*,#1413,.T.);
#1845=ORIENTED_EDGE('',*,*,#1415,.F.);
#1846=ORIENTED_EDGE('',*,*,#1416,.F.);
#1847=ORIENTED_EDGE('',*,*,#1417,.T.);
#1848=ORIENTED_EDGE('',*,*,#1416,.T.);
#1849=ORIENTED_EDGE('',*,*,#1418,.F.);
#1850=ORIENTED_EDGE('',*,*,#1240,.F.);
#1851=ORIENTED_EDGE('',*,*,#1418,.T.);
#1852=ORIENTED_EDGE('',*,*,#1415,.T.);
#1853=ORIENTED_EDGE('',*,*,#1412,.T.);
#1854=ORIENTED_EDGE('',*,*,#1409,.T.);
#1855=ORIENTED_EDGE('',*,*,#1406,.T.);
#1856=ORIENTED_EDGE('',*,*,#1403,.T.);
#1857=ORIENTED_EDGE('',*,*,#1400,.T.);
#1858=ORIENTED_EDGE('',*,*,#1397,.T.);
#1859=ORIENTED_EDGE('',*,*,#1394,.T.);
#1860=ORIENTED_EDGE('',*,*,#1391,.T.);
#1861=ORIENTED_EDGE('',*,*,#1388,.T.);
#1862=ORIENTED_EDGE('',*,*,#1385,.T.);
#1863=ORIENTED_EDGE('',*,*,#1382,.T.);
#1864=ORIENTED_EDGE('',*,*,#1379,.T.);
#1865=ORIENTED_EDGE('',*,*,#1376,.T.);
#1866=ORIENTED_EDGE('',*,*,#1373,.T.);
#1867=ORIENTED_EDGE('',*,*,#1370,.T.);
#1868=ORIENTED_EDGE('',*,*,#1367,.T.);
#1869=ORIENTED_EDGE('',*,*,#1364,.T.);
#1870=ORIENTED_EDGE('',*,*,#1361,.T.);
#1871=ORIENTED_EDGE('',*,*,#1358,.T.);
#1872=ORIENTED_EDGE('',*,*,#1355,.T.);
#1873=ORIENTED_EDGE('',*,*,#1352,.T.);
#1874=ORIENTED_EDGE('',*,*,#1349,.T.);
#1875=ORIENTED_EDGE('',*,*,#1346,.T.);
#1876=ORIENTED_EDGE('',*,*,#1343,.T.);
#1877=ORIENTED_EDGE('',*,*,#1340,.T.);
#1878=ORIENTED_EDGE('',*,*,#1337,.T.);
#1879=ORIENTED_EDGE('',*,*,#1334,.T.);
#1880=ORIENTED_EDGE('',*,*,#1331,.T.);
#1881=ORIENTED_EDGE('',*,*,#1328,.T.);
#1882=ORIENTED_EDGE('',*,*,#1325,.T.);
#1883=ORIENTED_EDGE('',*,*,#1322,.T.);
#1884=ORIENTED_EDGE('',*,*,#1319,.T.);
#1885=ORIENTED_EDGE('',*,*,#1316,.T.);
#1886=ORIENTED_EDGE('',*,*,#1313,.T.);
#1887=ORIENTED_EDGE('',*,*,#1310,.T.);
#1888=ORIENTED_EDGE('',*,*,#1307,.T.);
#1889=ORIENTED_EDGE('',*,*,#1304,.T.);
#1890=ORIENTED_EDGE('',*,*,#1301,.T.);
#1891=ORIENTED_EDGE('',*,*,#1298,.T.);
#1892=ORIENTED_EDGE('',*,*,#1295,.T.);
#1893=ORIENTED_EDGE('',*,*,#1292,.T.);
#1894=ORIENTED_EDGE('',*,*,#1289,.T.);
#1895=ORIENTED_EDGE('',*,*,#1286,.T.);
#1896=ORIENTED_EDGE('',*,*,#1283,.T.);
#1897=ORIENTED_EDGE('',*,*,#1280,.T.);
#1898=ORIENTED_EDGE('',*,*,#1277,.T.);
#1899=ORIENTED_EDGE('',*,*,#1274,.T.);
#1900=ORIENTED_EDGE('',*,*,#1271,.T.);
#1901=ORIENTED_EDGE('',*,*,#1268,.T.);
#1902=ORIENTED_EDGE('',*,*,#1265,.T.);
#1903=ORIENTED_EDGE('',*,*,#1262,.T.);
#1904=ORIENTED_EDGE('',*,*,#1259,.T.);
#1905=ORIENTED_EDGE('',*,*,#1256,.T.);
#1906=ORIENTED_EDGE('',*,*,#1253,.T.);
#1907=ORIENTED_EDGE('',*,*,#1250,.T.);
#1908=ORIENTED_EDGE('',*,*,#1247,.T.);
#1909=ORIENTED_EDGE('',*,*,#1244,.T.);
#1910=ORIENTED_EDGE('',*,*,#1241,.T.);
#1911=ORIENTED_EDGE('',*,*,#1238,.T.);
#1912=ORIENTED_EDGE('',*,*,#1235,.T.);
#1913=ORIENTED_EDGE('',*,*,#1232,.T.);
#1914=ORIENTED_EDGE('',*,*,#1229,.T.);
#1915=ORIENTED_EDGE('',*,*,#1226,.T.);
#1916=ORIENTED_EDGE('',*,*,#1223,.T.);
#1917=ORIENTED_EDGE('',*,*,#1220,.T.);
#1918=ORIENTED_EDGE('',*,*,#1217,.T.);
#1919=ORIENTED_EDGE('',*,*,#1214,.T.);
#1920=ORIENTED_EDGE('',*,*,#1211,.T.);
#1921=ORIENTED_EDGE('',*,*,#1208,.T.);
#1922=ORIENTED_EDGE('',*,*,#1205,.T.);
#1923=ORIENTED_EDGE('',*,*,#1202,.T.);
#1924=ORIENTED_EDGE('',*,*,#1199,.T.);
#1925=ORIENTED_EDGE('',*,*,#1196,.T.);
#1926=ORIENTED_EDGE('',*,*,#1193,.T.);
#1927=ORIENTED_EDGE('',*,*,#1190,.T.);
#1928=ORIENTED_EDGE('',*,*,#1187,.T.);
#1929=ORIENTED_EDGE('',*,*,#1184,.T.);
#1930=ORIENTED_EDGE('',*,*,#1181,.T.);
#1931=ORIENTED_EDGE('',*,*,#1178,.T.);
#1932=ORIENTED_EDGE('',*,*,#1175,.T.);
#1933=ORIENTED_EDGE('',*,*,#1172,.T.);
#1934=ORIENTED_EDGE('',*,*,#1169,.T.);
#1935=ORIENTED_EDGE('',*,*,#1166,.T.);
#1936=ORIENTED_EDGE('',*,*,#1163,.T.);
#1937=ORIENTED_EDGE('',*,*,#1160,.T.);
#1938=ORIENTED_EDGE('',*,*,#1157,.T.);
#1939=ORIENTED_EDGE('',*,*,#1154,.T.);
#1940=ORIENTED_EDGE('',*,*,#1151,.T.);
#1941=ORIENTED_EDGE('',*,*,#1148,.T.);
#1942=ORIENTED_EDGE('',*,*,#1145,.T.);
#1943=ORIENTED_EDGE('',*,*,#1142,.T.);
#1944=ORIENTED_EDGE('',*,*,#1139,.T.);
#1945=ORIENTED_EDGE('',*,*,#1136,.T.);
#1946=ORIENTED_EDGE('',*,*,#1133,.T.);
#1947=ORIENTED_EDGE('',*,*,#1130,.T.);
#1948=ORIENTED_EDGE('',*,*,#1127,.T.);
#1949=ORIENTED_EDGE('',*,*,#1124,.T.);
#1950=ORIENTED_EDGE('',*,*,#1121,.T.);
#1951=ORIENTED_EDGE('',*,*,#1118,.T.);
#1952=ORIENTED_EDGE('',*,*,#1115,.T.);
#1953=ORIENTED_EDGE('',*,*,#1112,.T.);
#1954=ORIENTED_EDGE('',*,*,#1109,.T.);
#1955=ORIENTED_EDGE('',*,*,#1106,.T.);
#1956=ORIENTED_EDGE('',*,*,#1103,.T.);
#1957=ORIENTED_EDGE('',*,*,#1100,.T.);
#1958=ORIENTED_EDGE('',*,*,#1097,.T.);
#1959=ORIENTED_EDGE('',*,*,#1417,.F.);
#1960=ORIENTED_EDGE('',*,*,#1239,.T.);
#1961=ORIENTED_EDGE('',*,*,#1243,.T.);
#1962=ORIENTED_EDGE('',*,*,#1246,.F.);
#1963=ORIENTED_EDGE('',*,*,#1249,.F.);
#1964=ORIENTED_EDGE('',*,*,#1252,.F.);
#1965=ORIENTED_EDGE('',*,*,#1255,.T.);
#1966=ORIENTED_EDGE('',*,*,#1258,.F.);
#1967=ORIENTED_EDGE('',*,*,#1261,.F.);
#1968=ORIENTED_EDGE('',*,*,#1264,.F.);
#1969=ORIENTED_EDGE('',*,*,#1267,.F.);
#1970=ORIENTED_EDGE('',*,*,#1270,.F.);
#1971=ORIENTED_EDGE('',*,*,#1273,.F.);
#1972=ORIENTED_EDGE('',*,*,#1276,.F.);
#1973=ORIENTED_EDGE('',*,*,#1279,.F.);
#1974=ORIENTED_EDGE('',*,*,#1282,.F.);
#1975=ORIENTED_EDGE('',*,*,#1285,.F.);
#1976=ORIENTED_EDGE('',*,*,#1288,.F.);
#1977=ORIENTED_EDGE('',*,*,#1291,.F.);
#1978=ORIENTED_EDGE('',*,*,#1294,.F.);
#1979=ORIENTED_EDGE('',*,*,#1297,.F.);
#1980=ORIENTED_EDGE('',*,*,#1300,.T.);
#1981=ORIENTED_EDGE('',*,*,#1303,.F.);
#1982=ORIENTED_EDGE('',*,*,#1306,.T.);
#1983=ORIENTED_EDGE('',*,*,#1309,.T.);
#1984=ORIENTED_EDGE('',*,*,#1312,.T.);
#1985=ORIENTED_EDGE('',*,*,#1315,.T.);
#1986=ORIENTED_EDGE('',*,*,#1318,.T.);
#1987=ORIENTED_EDGE('',*,*,#1321,.T.);
#1988=ORIENTED_EDGE('',*,*,#1324,.F.);
#1989=ORIENTED_EDGE('',*,*,#1327,.T.);
#1990=ORIENTED_EDGE('',*,*,#1330,.T.);
#1991=ORIENTED_EDGE('',*,*,#1333,.T.);
#1992=ORIENTED_EDGE('',*,*,#1336,.T.);
#1993=ORIENTED_EDGE('',*,*,#1339,.T.);
#1994=ORIENTED_EDGE('',*,*,#1342,.T.);
#1995=ORIENTED_EDGE('',*,*,#1345,.T.);
#1996=ORIENTED_EDGE('',*,*,#1348,.F.);
#1997=ORIENTED_EDGE('',*,*,#1351,.T.);
#1998=ORIENTED_EDGE('',*,*,#1354,.T.);
#1999=ORIENTED_EDGE('',*,*,#1357,.T.);
#2000=ORIENTED_EDGE('',*,*,#1360,.F.);
#2001=ORIENTED_EDGE('',*,*,#1363,.F.);
#2002=ORIENTED_EDGE('',*,*,#1366,.T.);
#2003=ORIENTED_EDGE('',*,*,#1369,.F.);
#2004=ORIENTED_EDGE('',*,*,#1372,.T.);
#2005=ORIENTED_EDGE('',*,*,#1375,.T.);
#2006=ORIENTED_EDGE('',*,*,#1378,.T.);
#2007=ORIENTED_EDGE('',*,*,#1381,.T.);
#2008=ORIENTED_EDGE('',*,*,#1384,.T.);
#2009=ORIENTED_EDGE('',*,*,#1387,.T.);
#2010=ORIENTED_EDGE('',*,*,#1390,.T.);
#2011=ORIENTED_EDGE('',*,*,#1393,.F.);
#2012=ORIENTED_EDGE('',*,*,#1396,.F.);
#2013=ORIENTED_EDGE('',*,*,#1399,.F.);
#2014=ORIENTED_EDGE('',*,*,#1402,.F.);
#2015=ORIENTED_EDGE('',*,*,#1405,.F.);
#2016=ORIENTED_EDGE('',*,*,#1408,.F.);
#2017=ORIENTED_EDGE('',*,*,#1411,.F.);
#2018=ORIENTED_EDGE('',*,*,#1414,.F.);
#2019=ORIENTED_EDGE('',*,*,#1237,.F.);
#2020=ORIENTED_EDGE('',*,*,#1215,.F.);
#2021=ORIENTED_EDGE('',*,*,#1219,.F.);
#2022=ORIENTED_EDGE('',*,*,#1222,.F.);
#2023=ORIENTED_EDGE('',*,*,#1225,.F.);
#2024=ORIENTED_EDGE('',*,*,#1228,.F.);
#2025=ORIENTED_EDGE('',*,*,#1231,.F.);
#2026=ORIENTED_EDGE('',*,*,#1234,.F.);
#2027=ORIENTED_EDGE('',*,*,#1213,.F.);
#2028=ORIENTED_EDGE('',*,*,#1191,.F.);
#2029=ORIENTED_EDGE('',*,*,#1195,.F.);
#2030=ORIENTED_EDGE('',*,*,#1198,.F.);
#2031=ORIENTED_EDGE('',*,*,#1201,.F.);
#2032=ORIENTED_EDGE('',*,*,#1204,.F.);
#2033=ORIENTED_EDGE('',*,*,#1207,.F.);
#2034=ORIENTED_EDGE('',*,*,#1210,.F.);
#2035=ORIENTED_EDGE('',*,*,#1189,.F.);
#2036=ORIENTED_EDGE('',*,*,#1167,.F.);
#2037=ORIENTED_EDGE('',*,*,#1171,.F.);
#2038=ORIENTED_EDGE('',*,*,#1174,.F.);
#2039=ORIENTED_EDGE('',*,*,#1177,.F.);
#2040=ORIENTED_EDGE('',*,*,#1180,.F.);
#2041=ORIENTED_EDGE('',*,*,#1183,.F.);
#2042=ORIENTED_EDGE('',*,*,#1186,.F.);
#2043=ORIENTED_EDGE('',*,*,#1165,.F.);
#2044=ORIENTED_EDGE('',*,*,#1143,.F.);
#2045=ORIENTED_EDGE('',*,*,#1147,.F.);
#2046=ORIENTED_EDGE('',*,*,#1150,.F.);
#2047=ORIENTED_EDGE('',*,*,#1153,.F.);
#2048=ORIENTED_EDGE('',*,*,#1156,.F.);
#2049=ORIENTED_EDGE('',*,*,#1159,.F.);
#2050=ORIENTED_EDGE('',*,*,#1162,.F.);
#2051=ORIENTED_EDGE('',*,*,#1141,.F.);
#2052=ORIENTED_EDGE('',*,*,#1095,.F.);
#2053=ORIENTED_EDGE('',*,*,#1099,.F.);
#2054=ORIENTED_EDGE('',*,*,#1102,.F.);
#2055=ORIENTED_EDGE('',*,*,#1105,.F.);
#2056=ORIENTED_EDGE('',*,*,#1108,.F.);
#2057=ORIENTED_EDGE('',*,*,#1111,.F.);
#2058=ORIENTED_EDGE('',*,*,#1114,.F.);
#2059=ORIENTED_EDGE('',*,*,#1117,.F.);
#2060=ORIENTED_EDGE('',*,*,#1120,.F.);
#2061=ORIENTED_EDGE('',*,*,#1123,.F.);
#2062=ORIENTED_EDGE('',*,*,#1126,.F.);
#2063=ORIENTED_EDGE('',*,*,#1129,.F.);
#2064=ORIENTED_EDGE('',*,*,#1132,.F.);
#2065=ORIENTED_EDGE('',*,*,#1135,.F.);
#2066=ORIENTED_EDGE('',*,*,#1138,.F.);
#2067=PLANE('',#2265);
#2068=PLANE('',#2266);
#2069=PLANE('',#2267);
#2070=PLANE('',#2271);
#2071=PLANE('',#2272);
#2072=PLANE('',#2273);
#2073=PLANE('',#2277);
#2074=PLANE('',#2278);
#2075=PLANE('',#2279);
#2076=PLANE('',#2283);
#2077=PLANE('',#2284);
#2078=PLANE('',#2285);
#2079=PLANE('',#2289);
#2080=PLANE('',#2293);
#2081=PLANE('',#2297);
#2082=PLANE('',#2301);
#2083=PLANE('',#2305);
#2084=PLANE('',#2309);
#2085=PLANE('',#2313);
#2086=PLANE('',#2317);
#2087=PLANE('',#2321);
#2088=PLANE('',#2325);
#2089=PLANE('',#2329);
#2090=PLANE('',#2333);
#2091=PLANE('',#2337);
#2092=PLANE('',#2341);
#2093=PLANE('',#2345);
#2094=PLANE('',#2349);
#2095=PLANE('',#2353);
#2096=PLANE('',#2354);
#2097=PLANE('',#2355);
#2098=PLANE('',#2356);
#2099=PLANE('',#2357);
#2100=PLANE('',#2358);
#2101=PLANE('',#2359);
#2102=PLANE('',#2360);
#2103=PLANE('',#2361);
#2104=PLANE('',#2362);
#2105=PLANE('',#2363);
#2106=PLANE('',#2364);
#2107=PLANE('',#2365);
#2108=PLANE('',#2369);
#2109=PLANE('',#2370);
#2110=PLANE('',#2371);
#2111=PLANE('',#2372);
#2112=PLANE('',#2373);
#2113=PLANE('',#2374);
#2114=PLANE('',#2375);
#2115=PLANE('',#2376);
#2116=PLANE('',#2377);
#2117=PLANE('',#2378);
#2118=PLANE('',#2379);
#2119=PLANE('',#2380);
#2120=PLANE('',#2381);
#2121=PLANE('',#2382);
#2122=PLANE('',#2386);
#2123=PLANE('',#2387);
#2124=PLANE('',#2388);
#2125=PLANE('',#2389);
#2126=PLANE('',#2390);
#2127=PLANE('',#2391);
#2128=PLANE('',#2392);
#2129=PLANE('',#2393);
#2130=PLANE('',#2394);
#2131=PLANE('',#2395);
#2132=PLANE('',#2396);
#2133=PLANE('',#2397);
#2134=PLANE('',#2398);
#2135=PLANE('',#2399);
#2136=PLANE('',#2403);
#2137=PLANE('',#2404);
#2138=PLANE('',#2405);
#2139=PLANE('',#2406);
#2140=PLANE('',#2407);
#2141=PLANE('',#2408);
#2142=PLANE('',#2409);
#2143=PLANE('',#2410);
#2144=PLANE('',#2411);
#2145=PLANE('',#2412);
#2146=PLANE('',#2413);
#2147=PLANE('',#2414);
#2148=PLANE('',#2415);
#2149=PLANE('',#2416);
#2150=PLANE('',#2420);
#2151=PLANE('',#2421);
#2152=PLANE('',#2422);
#2153=ADVANCED_FACE('',(#97),#2067,.T.);
#2154=ADVANCED_FACE('',(#98),#2068,.T.);
#2155=ADVANCED_FACE('',(#99),#2069,.T.);
#2156=ADVANCED_FACE('',(#100),#73,.F.);
#2157=ADVANCED_FACE('',(#101),#2070,.T.);
#2158=ADVANCED_FACE('',(#102),#2071,.T.);
#2159=ADVANCED_FACE('',(#103),#2072,.T.);
#2160=ADVANCED_FACE('',(#104),#74,.F.);
#2161=ADVANCED_FACE('',(#105),#2073,.T.);
#2162=ADVANCED_FACE('',(#106),#2074,.T.);
#2163=ADVANCED_FACE('',(#107),#2075,.T.);
#2164=ADVANCED_FACE('',(#108),#75,.F.);
#2165=ADVANCED_FACE('',(#109),#2076,.T.);
#2166=ADVANCED_FACE('',(#110),#2077,.T.);
#2167=ADVANCED_FACE('',(#111),#2078,.T.);
#2168=ADVANCED_FACE('',(#112),#76,.F.);
#2169=ADVANCED_FACE('',(#113),#2079,.T.);
#2170=ADVANCED_FACE('',(#114),#77,.F.);
#2171=ADVANCED_FACE('',(#115),#2080,.T.);
#2172=ADVANCED_FACE('',(#116),#78,.F.);
#2173=ADVANCED_FACE('',(#117),#2081,.T.);
#2174=ADVANCED_FACE('',(#118),#79,.F.);
#2175=ADVANCED_FACE('',(#119),#2082,.T.);
#2176=ADVANCED_FACE('',(#120),#80,.F.);
#2177=ADVANCED_FACE('',(#121),#2083,.T.);
#2178=ADVANCED_FACE('',(#122),#81,.F.);
#2179=ADVANCED_FACE('',(#123),#2084,.T.);
#2180=ADVANCED_FACE('',(#124),#82,.F.);
#2181=ADVANCED_FACE('',(#125),#2085,.T.);
#2182=ADVANCED_FACE('',(#126),#83,.F.);
#2183=ADVANCED_FACE('',(#127),#2086,.T.);
#2184=ADVANCED_FACE('',(#128),#84,.F.);
#2185=ADVANCED_FACE('',(#129),#2087,.T.);
#2186=ADVANCED_FACE('',(#130),#85,.F.);
#2187=ADVANCED_FACE('',(#131),#2088,.T.);
#2188=ADVANCED_FACE('',(#132),#86,.F.);
#2189=ADVANCED_FACE('',(#133),#2089,.T.);
#2190=ADVANCED_FACE('',(#134),#87,.F.);
#2191=ADVANCED_FACE('',(#135),#2090,.T.);
#2192=ADVANCED_FACE('',(#136),#88,.F.);
#2193=ADVANCED_FACE('',(#137),#2091,.T.);
#2194=ADVANCED_FACE('',(#138),#89,.F.);
#2195=ADVANCED_FACE('',(#139),#2092,.T.);
#2196=ADVANCED_FACE('',(#140),#90,.F.);
#2197=ADVANCED_FACE('',(#141),#2093,.T.);
#2198=ADVANCED_FACE('',(#142),#91,.F.);
#2199=ADVANCED_FACE('',(#143),#2094,.T.);
#2200=ADVANCED_FACE('',(#144),#92,.F.);
#2201=ADVANCED_FACE('',(#145),#2095,.T.);
#2202=ADVANCED_FACE('',(#146),#2096,.T.);
#2203=ADVANCED_FACE('',(#147),#2097,.T.);
#2204=ADVANCED_FACE('',(#148),#2098,.T.);
#2205=ADVANCED_FACE('',(#149),#2099,.T.);
#2206=ADVANCED_FACE('',(#150),#2100,.T.);
#2207=ADVANCED_FACE('',(#151),#2101,.T.);
#2208=ADVANCED_FACE('',(#152),#2102,.T.);
#2209=ADVANCED_FACE('',(#153),#2103,.T.);
#2210=ADVANCED_FACE('',(#154),#2104,.T.);
#2211=ADVANCED_FACE('',(#155),#2105,.T.);
#2212=ADVANCED_FACE('',(#156),#2106,.T.);
#2213=ADVANCED_FACE('',(#157),#2107,.T.);
#2214=ADVANCED_FACE('',(#158),#93,.T.);
#2215=ADVANCED_FACE('',(#159),#2108,.T.);
#2216=ADVANCED_FACE('',(#160),#2109,.T.);
#2217=ADVANCED_FACE('',(#161),#2110,.T.);
#2218=ADVANCED_FACE('',(#162),#2111,.T.);
#2219=ADVANCED_FACE('',(#163),#2112,.T.);
#2220=ADVANCED_FACE('',(#164),#2113,.T.);
#2221=ADVANCED_FACE('',(#165),#2114,.T.);
#2222=ADVANCED_FACE('',(#166),#2115,.T.);
#2223=ADVANCED_FACE('',(#167),#2116,.T.);
#2224=ADVANCED_FACE('',(#168),#2117,.T.);
#2225=ADVANCED_FACE('',(#169),#2118,.T.);
#2226=ADVANCED_FACE('',(#170),#2119,.T.);
#2227=ADVANCED_FACE('',(#171),#2120,.T.);
#2228=ADVANCED_FACE('',(#172),#2121,.T.);
#2229=ADVANCED_FACE('',(#173),#94,.T.);
#2230=ADVANCED_FACE('',(#174),#2122,.T.);
#2231=ADVANCED_FACE('',(#175),#2123,.T.);
#2232=ADVANCED_FACE('',(#176),#2124,.T.);
#2233=ADVANCED_FACE('',(#177),#2125,.T.);
#2234=ADVANCED_FACE('',(#178),#2126,.T.);
#2235=ADVANCED_FACE('',(#179),#2127,.T.);
#2236=ADVANCED_FACE('',(#180),#2128,.T.);
#2237=ADVANCED_FACE('',(#181),#2129,.T.);
#2238=ADVANCED_FACE('',(#182),#2130,.T.);
#2239=ADVANCED_FACE('',(#183),#2131,.T.);
#2240=ADVANCED_FACE('',(#184),#2132,.T.);
#2241=ADVANCED_FACE('',(#185),#2133,.T.);
#2242=ADVANCED_FACE('',(#186),#2134,.T.);
#2243=ADVANCED_FACE('',(#187),#2135,.T.);
#2244=ADVANCED_FACE('',(#188),#95,.T.);
#2245=ADVANCED_FACE('',(#189),#2136,.T.);
#2246=ADVANCED_FACE('',(#190),#2137,.T.);
#2247=ADVANCED_FACE('',(#191),#2138,.T.);
#2248=ADVANCED_FACE('',(#192),#2139,.T.);
#2249=ADVANCED_FACE('',(#193),#2140,.T.);
#2250=ADVANCED_FACE('',(#194),#2141,.T.);
#2251=ADVANCED_FACE('',(#195),#2142,.T.);
#2252=ADVANCED_FACE('',(#196),#2143,.T.);
#2253=ADVANCED_FACE('',(#197),#2144,.T.);
#2254=ADVANCED_FACE('',(#198),#2145,.T.);
#2255=ADVANCED_FACE('',(#199),#2146,.T.);
#2256=ADVANCED_FACE('',(#200),#2147,.T.);
#2257=ADVANCED_FACE('',(#201),#2148,.T.);
#2258=ADVANCED_FACE('',(#202),#2149,.T.);
#2259=ADVANCED_FACE('',(#203),#96,.T.);
#2260=ADVANCED_FACE('',(#204),#2150,.T.);
#2261=ADVANCED_FACE('',(#205,#15,#16,#17,#18,#19),#2151,.T.);
#2262=ADVANCED_FACE('',(#206,#20,#21,#22,#23,#24),#2152,.F.);
#2263=CLOSED_SHELL('',(#2153,#2154,#2155,#2156,#2157,#2158,#2159,#2160,
#2161,#2162,#2163,#2164,#2165,#2166,#2167,#2168,#2169,#2170,#2171,#2172,
#2173,#2174,#2175,#2176,#2177,#2178,#2179,#2180,#2181,#2182,#2183,#2184,
#2185,#2186,#2187,#2188,#2189,#2190,#2191,#2192,#2193,#2194,#2195,#2196,
#2197,#2198,#2199,#2200,#2201,#2202,#2203,#2204,#2205,#2206,#2207,#2208,
#2209,#2210,#2211,#2212,#2213,#2214,#2215,#2216,#2217,#2218,#2219,#2220,
#2221,#2222,#2223,#2224,#2225,#2226,#2227,#2228,#2229,#2230,#2231,#2232,
#2233,#2234,#2235,#2236,#2237,#2238,#2239,#2240,#2241,#2242,#2243,#2244,
#2245,#2246,#2247,#2248,#2249,#2250,#2251,#2252,#2253,#2254,#2255,#2256,
#2257,#2258,#2259,#2260,#2261,#2262));
#2264=AXIS2_PLACEMENT_3D('',#3017,#2423,#2424);
#2265=AXIS2_PLACEMENT_3D('',#3018,#2425,#2426);
#2266=AXIS2_PLACEMENT_3D('',#3027,#2431,#2432);
#2267=AXIS2_PLACEMENT_3D('',#3033,#2436,#2437);
#2268=AXIS2_PLACEMENT_3D('',#3039,#2441,#2442);
#2269=AXIS2_PLACEMENT_3D('',#3041,#2443,#2444);
#2270=AXIS2_PLACEMENT_3D('',#3043,#2445,#2446);
#2271=AXIS2_PLACEMENT_3D('',#3045,#2448,#2449);
#2272=AXIS2_PLACEMENT_3D('',#3051,#2453,#2454);
#2273=AXIS2_PLACEMENT_3D('',#3057,#2458,#2459);
#2274=AXIS2_PLACEMENT_3D('',#3063,#2463,#2464);
#2275=AXIS2_PLACEMENT_3D('',#3065,#2465,#2466);
#2276=AXIS2_PLACEMENT_3D('',#3067,#2467,#2468);
#2277=AXIS2_PLACEMENT_3D('',#3069,#2470,#2471);
#2278=AXIS2_PLACEMENT_3D('',#3075,#2475,#2476);
#2279=AXIS2_PLACEMENT_3D('',#3081,#2480,#2481);
#2280=AXIS2_PLACEMENT_3D('',#3087,#2485,#2486);
#2281=AXIS2_PLACEMENT_3D('',#3089,#2487,#2488);
#2282=AXIS2_PLACEMENT_3D('',#3091,#2489,#2490);
#2283=AXIS2_PLACEMENT_3D('',#3093,#2492,#2493);
#2284=AXIS2_PLACEMENT_3D('',#3099,#2497,#2498);
#2285=AXIS2_PLACEMENT_3D('',#3105,#2502,#2503);
#2286=AXIS2_PLACEMENT_3D('',#3111,#2507,#2508);
#2287=AXIS2_PLACEMENT_3D('',#3112,#2509,#2510);
#2288=AXIS2_PLACEMENT_3D('',#3113,#2511,#2512);
#2289=AXIS2_PLACEMENT_3D('',#3114,#2513,#2514);
#2290=AXIS2_PLACEMENT_3D('',#3123,#2519,#2520);
#2291=AXIS2_PLACEMENT_3D('',#3125,#2521,#2522);
#2292=AXIS2_PLACEMENT_3D('',#3127,#2523,#2524);
#2293=AXIS2_PLACEMENT_3D('',#3129,#2526,#2527);
#2294=AXIS2_PLACEMENT_3D('',#3135,#2531,#2532);
#2295=AXIS2_PLACEMENT_3D('',#3137,#2533,#2534);
#2296=AXIS2_PLACEMENT_3D('',#3139,#2535,#2536);
#2297=AXIS2_PLACEMENT_3D('',#3141,#2538,#2539);
#2298=AXIS2_PLACEMENT_3D('',#3147,#2543,#2544);
#2299=AXIS2_PLACEMENT_3D('',#3149,#2545,#2546);
#2300=AXIS2_PLACEMENT_3D('',#3151,#2547,#2548);
#2301=AXIS2_PLACEMENT_3D('',#3153,#2550,#2551);
#2302=AXIS2_PLACEMENT_3D('',#3159,#2555,#2556);
#2303=AXIS2_PLACEMENT_3D('',#3160,#2557,#2558);
#2304=AXIS2_PLACEMENT_3D('',#3161,#2559,#2560);
#2305=AXIS2_PLACEMENT_3D('',#3162,#2561,#2562);
#2306=AXIS2_PLACEMENT_3D('',#3171,#2567,#2568);
#2307=AXIS2_PLACEMENT_3D('',#3173,#2569,#2570);
#2308=AXIS2_PLACEMENT_3D('',#3175,#2571,#2572);
#2309=AXIS2_PLACEMENT_3D('',#3177,#2574,#2575);
#2310=AXIS2_PLACEMENT_3D('',#3183,#2579,#2580);
#2311=AXIS2_PLACEMENT_3D('',#3185,#2581,#2582);
#2312=AXIS2_PLACEMENT_3D('',#3187,#2583,#2584);
#2313=AXIS2_PLACEMENT_3D('',#3189,#2586,#2587);
#2314=AXIS2_PLACEMENT_3D('',#3195,#2591,#2592);
#2315=AXIS2_PLACEMENT_3D('',#3197,#2593,#2594);
#2316=AXIS2_PLACEMENT_3D('',#3199,#2595,#2596);
#2317=AXIS2_PLACEMENT_3D('',#3201,#2598,#2599);
#2318=AXIS2_PLACEMENT_3D('',#3207,#2603,#2604);
#2319=AXIS2_PLACEMENT_3D('',#3208,#2605,#2606);
#2320=AXIS2_PLACEMENT_3D('',#3209,#2607,#2608);
#2321=AXIS2_PLACEMENT_3D('',#3210,#2609,#2610);
#2322=AXIS2_PLACEMENT_3D('',#3219,#2615,#2616);
#2323=AXIS2_PLACEMENT_3D('',#3221,#2617,#2618);
#2324=AXIS2_PLACEMENT_3D('',#3223,#2619,#2620);
#2325=AXIS2_PLACEMENT_3D('',#3225,#2622,#2623);
#2326=AXIS2_PLACEMENT_3D('',#3231,#2627,#2628);
#2327=AXIS2_PLACEMENT_3D('',#3233,#2629,#2630);
#2328=AXIS2_PLACEMENT_3D('',#3235,#2631,#2632);
#2329=AXIS2_PLACEMENT_3D('',#3237,#2634,#2635);
#2330=AXIS2_PLACEMENT_3D('',#3243,#2639,#2640);
#2331=AXIS2_PLACEMENT_3D('',#3245,#2641,#2642);
#2332=AXIS2_PLACEMENT_3D('',#3247,#2643,#2644);
#2333=AXIS2_PLACEMENT_3D('',#3249,#2646,#2647);
#2334=AXIS2_PLACEMENT_3D('',#3255,#2651,#2652);
#2335=AXIS2_PLACEMENT_3D('',#3256,#2653,#2654);
#2336=AXIS2_PLACEMENT_3D('',#3257,#2655,#2656);
#2337=AXIS2_PLACEMENT_3D('',#3258,#2657,#2658);
#2338=AXIS2_PLACEMENT_3D('',#3267,#2663,#2664);
#2339=AXIS2_PLACEMENT_3D('',#3269,#2665,#2666);
#2340=AXIS2_PLACEMENT_3D('',#3271,#2667,#2668);
#2341=AXIS2_PLACEMENT_3D('',#3273,#2670,#2671);
#2342=AXIS2_PLACEMENT_3D('',#3279,#2675,#2676);
#2343=AXIS2_PLACEMENT_3D('',#3281,#2677,#2678);
#2344=AXIS2_PLACEMENT_3D('',#3283,#2679,#2680);
#2345=AXIS2_PLACEMENT_3D('',#3285,#2682,#2683);
#2346=AXIS2_PLACEMENT_3D('',#3291,#2687,#2688);
#2347=AXIS2_PLACEMENT_3D('',#3293,#2689,#2690);
#2348=AXIS2_PLACEMENT_3D('',#3295,#2691,#2692);
#2349=AXIS2_PLACEMENT_3D('',#3297,#2694,#2695);
#2350=AXIS2_PLACEMENT_3D('',#3303,#2699,#2700);
#2351=AXIS2_PLACEMENT_3D('',#3304,#2701,#2702);
#2352=AXIS2_PLACEMENT_3D('',#3305,#2703,#2704);
#2353=AXIS2_PLACEMENT_3D('',#3306,#2705,#2706);
#2354=AXIS2_PLACEMENT_3D('',#3315,#2711,#2712);
#2355=AXIS2_PLACEMENT_3D('',#3321,#2716,#2717);
#2356=AXIS2_PLACEMENT_3D('',#3327,#2721,#2722);
#2357=AXIS2_PLACEMENT_3D('',#3333,#2726,#2727);
#2358=AXIS2_PLACEMENT_3D('',#3339,#2731,#2732);
#2359=AXIS2_PLACEMENT_3D('',#3345,#2736,#2737);
#2360=AXIS2_PLACEMENT_3D('',#3351,#2741,#2742);
#2361=AXIS2_PLACEMENT_3D('',#3357,#2746,#2747);
#2362=AXIS2_PLACEMENT_3D('',#3363,#2751,#2752);
#2363=AXIS2_PLACEMENT_3D('',#3369,#2756,#2757);
#2364=AXIS2_PLACEMENT_3D('',#3375,#2761,#2762);
#2365=AXIS2_PLACEMENT_3D('',#3381,#2766,#2767);
#2366=AXIS2_PLACEMENT_3D('',#3387,#2771,#2772);
#2367=AXIS2_PLACEMENT_3D('',#3389,#2773,#2774);
#2368=AXIS2_PLACEMENT_3D('',#3391,#2775,#2776);
#2369=AXIS2_PLACEMENT_3D('',#3393,#2778,#2779);
#2370=AXIS2_PLACEMENT_3D('',#3399,#2783,#2784);
#2371=AXIS2_PLACEMENT_3D('',#3405,#2788,#2789);
#2372=AXIS2_PLACEMENT_3D('',#3411,#2793,#2794);
#2373=AXIS2_PLACEMENT_3D('',#3417,#2798,#2799);
#2374=AXIS2_PLACEMENT_3D('',#3423,#2803,#2804);
#2375=AXIS2_PLACEMENT_3D('',#3429,#2808,#2809);
#2376=AXIS2_PLACEMENT_3D('',#3435,#2813,#2814);
#2377=AXIS2_PLACEMENT_3D('',#3441,#2818,#2819);
#2378=AXIS2_PLACEMENT_3D('',#3447,#2823,#2824);
#2379=AXIS2_PLACEMENT_3D('',#3453,#2828,#2829);
#2380=AXIS2_PLACEMENT_3D('',#3459,#2833,#2834);
#2381=AXIS2_PLACEMENT_3D('',#3465,#2838,#2839);
#2382=AXIS2_PLACEMENT_3D('',#3471,#2843,#2844);
#2383=AXIS2_PLACEMENT_3D('',#3477,#2848,#2849);
#2384=AXIS2_PLACEMENT_3D('',#3479,#2850,#2851);
#2385=AXIS2_PLACEMENT_3D('',#3481,#2852,#2853);
#2386=AXIS2_PLACEMENT_3D('',#3483,#2855,#2856);
#2387=AXIS2_PLACEMENT_3D('',#3489,#2860,#2861);
#2388=AXIS2_PLACEMENT_3D('',#3495,#2865,#2866);
#2389=AXIS2_PLACEMENT_3D('',#3501,#2870,#2871);
#2390=AXIS2_PLACEMENT_3D('',#3507,#2875,#2876);
#2391=AXIS2_PLACEMENT_3D('',#3513,#2880,#2881);
#2392=AXIS2_PLACEMENT_3D('',#3519,#2885,#2886);
#2393=AXIS2_PLACEMENT_3D('',#3525,#2890,#2891);
#2394=AXIS2_PLACEMENT_3D('',#3531,#2895,#2896);
#2395=AXIS2_PLACEMENT_3D('',#3537,#2900,#2901);
#2396=AXIS2_PLACEMENT_3D('',#3543,#2905,#2906);
#2397=AXIS2_PLACEMENT_3D('',#3549,#2910,#2911);
#2398=AXIS2_PLACEMENT_3D('',#3555,#2915,#2916);
#2399=AXIS2_PLACEMENT_3D('',#3561,#2920,#2921);
#2400=AXIS2_PLACEMENT_3D('',#3567,#2925,#2926);
#2401=AXIS2_PLACEMENT_3D('',#3569,#2927,#2928);
#2402=AXIS2_PLACEMENT_3D('',#3571,#2929,#2930);
#2403=AXIS2_PLACEMENT_3D('',#3573,#2932,#2933);
#2404=AXIS2_PLACEMENT_3D('',#3579,#2937,#2938);
#2405=AXIS2_PLACEMENT_3D('',#3585,#2942,#2943);
#2406=AXIS2_PLACEMENT_3D('',#3591,#2947,#2948);
#2407=AXIS2_PLACEMENT_3D('',#3597,#2952,#2953);
#2408=AXIS2_PLACEMENT_3D('',#3603,#2957,#2958);
#2409=AXIS2_PLACEMENT_3D('',#3609,#2962,#2963);
#2410=AXIS2_PLACEMENT_3D('',#3615,#2967,#2968);
#2411=AXIS2_PLACEMENT_3D('',#3621,#2972,#2973);
#2412=AXIS2_PLACEMENT_3D('',#3627,#2977,#2978);
#2413=AXIS2_PLACEMENT_3D('',#3633,#2982,#2983);
#2414=AXIS2_PLACEMENT_3D('',#3639,#2987,#2988);
#2415=AXIS2_PLACEMENT_3D('',#3645,#2992,#2993);
#2416=AXIS2_PLACEMENT_3D('',#3651,#2997,#2998);
#2417=AXIS2_PLACEMENT_3D('',#3657,#3002,#3003);
#2418=AXIS2_PLACEMENT_3D('',#3659,#3004,#3005);
#2419=AXIS2_PLACEMENT_3D('',#3661,#3006,#3007);
#2420=AXIS2_PLACEMENT_3D('',#3663,#3009,#3010);
#2421=AXIS2_PLACEMENT_3D('',#3666,#3013,#3014);
#2422=AXIS2_PLACEMENT_3D('',#3667,#3015,#3016);
#2423=DIRECTION('axis',(0.,0.,1.));
#2424=DIRECTION('refdir',(1.,0.,0.));
#2425=DIRECTION('center_axis',(-0.707106781186547,0.,0.707106781186548));
#2426=DIRECTION('ref_axis',(0.707106781186548,0.,0.707106781186547));
#2427=DIRECTION('',(0.707106781186548,0.,0.707106781186547));
#2428=DIRECTION('',(0.,1.,0.));
#2429=DIRECTION('',(0.707106781186548,0.,0.707106781186547));
#2430=DIRECTION('',(0.,1.,0.));
#2431=DIRECTION('center_axis',(0.707106781186551,0.,0.707106781186544));
#2432=DIRECTION('ref_axis',(0.707106781186544,0.,-0.707106781186551));
#2433=DIRECTION('',(0.707106781186544,0.,-0.707106781186551));
#2434=DIRECTION('',(0.707106781186544,0.,-0.707106781186551));
#2435=DIRECTION('',(0.,1.,0.));
#2436=DIRECTION('center_axis',(0.707106781186543,0.,-0.707106781186552));
#2437=DIRECTION('ref_axis',(-0.707106781186552,0.,-0.707106781186543));
#2438=DIRECTION('',(-0.707106781186552,0.,-0.707106781186543));
#2439=DIRECTION('',(-0.707106781186552,0.,-0.707106781186543));
#2440=DIRECTION('',(0.,1.,0.));
#2441=DIRECTION('center_axis',(0.,1.,0.));
#2442=DIRECTION('ref_axis',(-0.85277178898324,0.,-0.522283712089822));
#2443=DIRECTION('center_axis',(0.,-1.,0.));
#2444=DIRECTION('ref_axis',(-0.85277178898324,0.,-0.522283712089822));
#2445=DIRECTION('center_axis',(0.,-1.,0.));
#2446=DIRECTION('ref_axis',(-0.85277178898324,0.,-0.522283712089822));
#2447=DIRECTION('',(0.,1.,0.));
#2448=DIRECTION('center_axis',(0.70710678118655,0.,0.707106781186545));
#2449=DIRECTION('ref_axis',(0.707106781186545,0.,-0.70710678118655));
#2450=DIRECTION('',(0.707106781186545,0.,-0.70710678118655));
#2451=DIRECTION('',(0.707106781186545,0.,-0.70710678118655));
#2452=DIRECTION('',(0.,1.,0.));
#2453=DIRECTION('center_axis',(0.707106781186197,0.,-0.707106781186898));
#2454=DIRECTION('ref_axis',(-0.707106781186898,0.,-0.707106781186197));
#2455=DIRECTION('',(-0.707106781186898,0.,-0.707106781186197));
#2456=DIRECTION('',(-0.707106781186898,0.,-0.707106781186197));
#2457=DIRECTION('',(0.,1.,0.));
#2458=DIRECTION('center_axis',(-0.707106781184098,0.,-0.707106781188997));
#2459=DIRECTION('ref_axis',(-0.707106781188997,0.,0.707106781184098));
#2460=DIRECTION('',(-0.707106781188997,0.,0.707106781184098));
#2461=DIRECTION('',(-0.707106781188997,0.,0.707106781184098));
#2462=DIRECTION('',(0.,1.,0.));
#2463=DIRECTION('center_axis',(0.,1.,0.));
#2464=DIRECTION('ref_axis',(-0.522283712089746,0.,0.852771788983287));
#2465=DIRECTION('center_axis',(0.,-1.,0.));
#2466=DIRECTION('ref_axis',(-0.522283712089746,0.,0.852771788983287));
#2467=DIRECTION('center_axis',(0.,-1.,0.));
#2468=DIRECTION('ref_axis',(-0.522283712089746,0.,0.852771788983287));
#2469=DIRECTION('',(0.,1.,0.));
#2470=DIRECTION('center_axis',(0.707106781186543,0.,-0.707106781186552));
#2471=DIRECTION('ref_axis',(-0.707106781186552,0.,-0.707106781186543));
#2472=DIRECTION('',(-0.707106781186552,0.,-0.707106781186543));
#2473=DIRECTION('',(-0.707106781186552,0.,-0.707106781186543));
#2474=DIRECTION('',(0.,1.,0.));
#2475=DIRECTION('center_axis',(-0.707106781186551,0.,-0.707106781186544));
#2476=DIRECTION('ref_axis',(-0.707106781186544,0.,0.707106781186551));
#2477=DIRECTION('',(-0.707106781186544,0.,0.707106781186551));
#2478=DIRECTION('',(-0.707106781186544,0.,0.707106781186551));
#2479=DIRECTION('',(0.,1.,0.));
#2480=DIRECTION('center_axis',(-0.707106781186548,0.,0.707106781186547));
#2481=DIRECTION('ref_axis',(0.707106781186547,0.,0.707106781186548));
#2482=DIRECTION('',(0.707106781186547,0.,0.707106781186548));
#2483=DIRECTION('',(0.707106781186547,0.,0.707106781186548));
#2484=DIRECTION('',(0.,1.,0.));
#2485=DIRECTION('center_axis',(0.,1.,0.));
#2486=DIRECTION('ref_axis',(0.852771788983241,0.,0.522283712089821));
#2487=DIRECTION('center_axis',(0.,-1.,0.));
#2488=DIRECTION('ref_axis',(0.852771788983241,0.,0.522283712089821));
#2489=DIRECTION('center_axis',(0.,-1.,0.));
#2490=DIRECTION('ref_axis',(0.852771788983241,0.,0.522283712089821));
#2491=DIRECTION('',(0.,1.,0.));
#2492=DIRECTION('center_axis',(-0.707106781186558,0.,-0.707106781186537));
#2493=DIRECTION('ref_axis',(-0.707106781186537,0.,0.707106781186558));
#2494=DIRECTION('',(-0.707106781186537,0.,0.707106781186558));
#2495=DIRECTION('',(-0.707106781186537,0.,0.707106781186558));
#2496=DIRECTION('',(0.,1.,0.));
#2497=DIRECTION('center_axis',(-0.707106781186547,0.,0.707106781186548));
#2498=DIRECTION('ref_axis',(0.707106781186548,0.,0.707106781186547));
#2499=DIRECTION('',(0.707106781186548,0.,0.707106781186547));
#2500=DIRECTION('',(0.707106781186548,0.,0.707106781186547));
#2501=DIRECTION('',(0.,1.,0.));
#2502=DIRECTION('center_axis',(0.707106781186548,0.,0.707106781186548));
#2503=DIRECTION('ref_axis',(0.707106781186548,0.,-0.707106781186548));
#2504=DIRECTION('',(0.707106781186547,0.,-0.707106781186547));
#2505=DIRECTION('',(0.707106781186547,0.,-0.707106781186547));
#2506=DIRECTION('',(0.,1.,0.));
#2507=DIRECTION('center_axis',(0.,1.,0.));
#2508=DIRECTION('ref_axis',(0.522283712089821,0.,-0.852771788983241));
#2509=DIRECTION('center_axis',(0.,-1.,0.));
#2510=DIRECTION('ref_axis',(0.522283712089821,0.,-0.852771788983241));
#2511=DIRECTION('center_axis',(0.,-1.,0.));
#2512=DIRECTION('ref_axis',(0.522283712089821,0.,-0.852771788983241));
#2513=DIRECTION('center_axis',(1.11022302462153E-15,0.,1.));
#2514=DIRECTION('ref_axis',(1.,0.,-1.11022302462153E-15));
#2515=DIRECTION('',(1.,0.,-1.11022302462153E-15));
#2516=DIRECTION('',(0.,1.,0.));
#2517=DIRECTION('',(1.,0.,-1.11022302462153E-15));
#2518=DIRECTION('',(0.,1.,0.));
#2519=DIRECTION('center_axis',(0.,1.,0.));
#2520=DIRECTION('ref_axis',(0.,0.,-1.));
#2521=DIRECTION('center_axis',(0.,-1.,0.));
#2522=DIRECTION('ref_axis',(0.,0.,-1.));
#2523=DIRECTION('center_axis',(0.,-1.,0.));
#2524=DIRECTION('ref_axis',(0.,0.,-1.));
#2525=DIRECTION('',(0.,1.,0.));
#2526=DIRECTION('center_axis',(1.,0.,-3.88578058617633E-15));
#2527=DIRECTION('ref_axis',(-3.88578058617633E-15,0.,-1.));
#2528=DIRECTION('',(-3.88578058617633E-15,0.,-1.));
#2529=DIRECTION('',(-3.88578058617633E-15,0.,-1.));
#2530=DIRECTION('',(0.,1.,0.));
#2531=DIRECTION('center_axis',(0.,1.,0.));
#2532=DIRECTION('ref_axis',(-1.,0.,-1.99840144431204E-14));
#2533=DIRECTION('center_axis',(0.,-1.,0.));
#2534=DIRECTION('ref_axis',(-1.,0.,-1.99840144431204E-14));
#2535=DIRECTION('center_axis',(0.,-1.,0.));
#2536=DIRECTION('ref_axis',(-1.,0.,-1.99840144431204E-14));
#2537=DIRECTION('',(0.,1.,0.));
#2538=DIRECTION('center_axis',(-3.8857805862101E-15,0.,-1.));
#2539=DIRECTION('ref_axis',(-1.,0.,3.8857805862101E-15));
#2540=DIRECTION('',(-1.,0.,3.8857805862101E-15));
#2541=DIRECTION('',(-1.,0.,3.8857805862101E-15));
#2542=DIRECTION('',(0.,1.,0.));
#2543=DIRECTION('center_axis',(0.,1.,0.));
#2544=DIRECTION('ref_axis',(6.66133814764392E-15,0.,1.));
#2545=DIRECTION('center_axis',(0.,-1.,0.));
#2546=DIRECTION('ref_axis',(6.66133814764392E-15,0.,1.));
#2547=DIRECTION('center_axis',(0.,-1.,0.));
#2548=DIRECTION('ref_axis',(6.66133814764392E-15,0.,1.));
#2549=DIRECTION('',(0.,1.,0.));
#2550=DIRECTION('center_axis',(-1.,0.,0.));
#2551=DIRECTION('ref_axis',(0.,0.,1.));
#2552=DIRECTION('',(0.,0.,1.));
#2553=DIRECTION('',(0.,0.,1.));
#2554=DIRECTION('',(0.,1.,0.));
#2555=DIRECTION('center_axis',(0.,1.,0.));
#2556=DIRECTION('ref_axis',(1.,0.,-6.6613381478293E-15));
#2557=DIRECTION('center_axis',(0.,-1.,0.));
#2558=DIRECTION('ref_axis',(1.,0.,-6.6613381478293E-15));
#2559=DIRECTION('center_axis',(0.,-1.,0.));
#2560=DIRECTION('ref_axis',(1.,0.,-6.6613381478293E-15));
#2561=DIRECTION('center_axis',(-1.66533453693228E-15,0.,1.));
#2562=DIRECTION('ref_axis',(1.,0.,1.66533453693228E-15));
#2563=DIRECTION('',(1.,0.,1.66533453693228E-15));
#2564=DIRECTION('',(0.,1.,0.));
#2565=DIRECTION('',(1.,0.,1.66533453693228E-15));
#2566=DIRECTION('',(0.,1.,0.));
#2567=DIRECTION('center_axis',(0.,1.,0.));
#2568=DIRECTION('ref_axis',(0.,0.,-1.));
#2569=DIRECTION('center_axis',(0.,-1.,0.));
#2570=DIRECTION('ref_axis',(0.,0.,-1.));
#2571=DIRECTION('center_axis',(0.,-1.,0.));
#2572=DIRECTION('ref_axis',(0.,0.,-1.));
#2573=DIRECTION('',(0.,1.,0.));
#2574=DIRECTION('center_axis',(1.,0.,0.));
#2575=DIRECTION('ref_axis',(0.,0.,-1.));
#2576=DIRECTION('',(0.,0.,-1.));
#2577=DIRECTION('',(0.,0.,-1.));
#2578=DIRECTION('',(0.,1.,0.));
#2579=DIRECTION('center_axis',(0.,1.,0.));
#2580=DIRECTION('ref_axis',(-1.,0.,-6.66133814773926E-15));
#2581=DIRECTION('center_axis',(0.,-1.,0.));
#2582=DIRECTION('ref_axis',(-1.,0.,-6.66133814773926E-15));
#2583=DIRECTION('center_axis',(0.,-1.,0.));
#2584=DIRECTION('ref_axis',(-1.,0.,-6.66133814773926E-15));
#2585=DIRECTION('',(0.,1.,0.));
#2586=DIRECTION('center_axis',(-5.55111512313101E-16,0.,-1.));
#2587=DIRECTION('ref_axis',(-1.,0.,5.55111512313101E-16));
#2588=DIRECTION('',(-1.,0.,5.55111512313101E-16));
#2589=DIRECTION('',(-1.,0.,5.55111512313101E-16));
#2590=DIRECTION('',(0.,1.,0.));
#2591=DIRECTION('center_axis',(0.,1.,0.));
#2592=DIRECTION('ref_axis',(0.,0.,1.));
#2593=DIRECTION('center_axis',(0.,-1.,0.));
#2594=DIRECTION('ref_axis',(0.,0.,1.));
#2595=DIRECTION('center_axis',(0.,-1.,0.));
#2596=DIRECTION('ref_axis',(0.,0.,1.));
#2597=DIRECTION('',(0.,1.,0.));
#2598=DIRECTION('center_axis',(-1.,0.,0.));
#2599=DIRECTION('ref_axis',(0.,0.,1.));
#2600=DIRECTION('',(0.,0.,1.));
#2601=DIRECTION('',(0.,0.,1.));
#2602=DIRECTION('',(0.,1.,0.));
#2603=DIRECTION('center_axis',(0.,1.,0.));
#2604=DIRECTION('ref_axis',(1.,0.,-4.4408920985268E-15));
#2605=DIRECTION('center_axis',(0.,-1.,0.));
#2606=DIRECTION('ref_axis',(1.,0.,-4.4408920985268E-15));
#2607=DIRECTION('center_axis',(0.,-1.,0.));
#2608=DIRECTION('ref_axis',(1.,0.,-4.4408920985268E-15));
#2609=DIRECTION('center_axis',(1.11022302462152E-15,0.,1.));
#2610=DIRECTION('ref_axis',(1.,0.,-1.11022302462152E-15));
#2611=DIRECTION('',(1.,0.,-1.11022302462152E-15));
#2612=DIRECTION('',(0.,1.,0.));
#2613=DIRECTION('',(1.,0.,-1.11022302462152E-15));
#2614=DIRECTION('',(0.,1.,0.));
#2615=DIRECTION('center_axis',(0.,1.,0.));
#2616=DIRECTION('ref_axis',(0.,0.,-1.));
#2617=DIRECTION('center_axis',(0.,-1.,0.));
#2618=DIRECTION('ref_axis',(0.,0.,-1.));
#2619=DIRECTION('center_axis',(0.,-1.,0.));
#2620=DIRECTION('ref_axis',(0.,0.,-1.));
#2621=DIRECTION('',(0.,1.,0.));
#2622=DIRECTION('center_axis',(1.,0.,-6.66133814772912E-15));
#2623=DIRECTION('ref_axis',(-6.66133814772912E-15,0.,-1.));
#2624=DIRECTION('',(-6.66133814772912E-15,0.,-1.));
#2625=DIRECTION('',(-6.66133814772912E-15,0.,-1.));
#2626=DIRECTION('',(0.,1.,0.));
#2627=DIRECTION('center_axis',(0.,1.,0.));
#2628=DIRECTION('ref_axis',(-1.,0.,-8.88178419700146E-15));
#2629=DIRECTION('center_axis',(0.,-1.,0.));
#2630=DIRECTION('ref_axis',(-1.,0.,-8.88178419700146E-15));
#2631=DIRECTION('center_axis',(0.,-1.,0.));
#2632=DIRECTION('ref_axis',(-1.,0.,-8.88178419700146E-15));
#2633=DIRECTION('',(0.,1.,0.));
#2634=DIRECTION('center_axis',(-2.22044604924304E-15,0.,-1.));
#2635=DIRECTION('ref_axis',(-1.,0.,2.22044604924304E-15));
#2636=DIRECTION('',(-1.,0.,2.22044604924304E-15));
#2637=DIRECTION('',(-1.,0.,2.22044604924304E-15));
#2638=DIRECTION('',(0.,1.,0.));
#2639=DIRECTION('center_axis',(0.,1.,0.));
#2640=DIRECTION('ref_axis',(6.66133814775099E-15,0.,1.));
#2641=DIRECTION('center_axis',(0.,-1.,0.));
#2642=DIRECTION('ref_axis',(6.66133814775099E-15,0.,1.));
#2643=DIRECTION('center_axis',(0.,-1.,0.));
#2644=DIRECTION('ref_axis',(6.66133814775099E-15,0.,1.));
#2645=DIRECTION('',(0.,1.,0.));
#2646=DIRECTION('center_axis',(-1.,0.,0.));
#2647=DIRECTION('ref_axis',(0.,0.,1.));
#2648=DIRECTION('',(0.,0.,1.));
#2649=DIRECTION('',(0.,0.,1.));
#2650=DIRECTION('',(0.,1.,0.));
#2651=DIRECTION('center_axis',(0.,1.,0.));
#2652=DIRECTION('ref_axis',(1.,0.,0.));
#2653=DIRECTION('center_axis',(0.,-1.,0.));
#2654=DIRECTION('ref_axis',(1.,0.,0.));
#2655=DIRECTION('center_axis',(0.,-1.,0.));
#2656=DIRECTION('ref_axis',(1.,0.,0.));
#2657=DIRECTION('center_axis',(-1.,0.,0.));
#2658=DIRECTION('ref_axis',(0.,0.,1.));
#2659=DIRECTION('',(0.,0.,1.));
#2660=DIRECTION('',(0.,1.,0.));
#2661=DIRECTION('',(0.,0.,1.));
#2662=DIRECTION('',(0.,1.,0.));
#2663=DIRECTION('center_axis',(0.,1.,0.));
#2664=DIRECTION('ref_axis',(1.,0.,0.));
#2665=DIRECTION('center_axis',(0.,-1.,0.));
#2666=DIRECTION('ref_axis',(1.,0.,0.));
#2667=DIRECTION('center_axis',(0.,-1.,0.));
#2668=DIRECTION('ref_axis',(1.,0.,0.));
#2669=DIRECTION('',(0.,1.,0.));
#2670=DIRECTION('center_axis',(0.,0.,1.));
#2671=DIRECTION('ref_axis',(1.,0.,0.));
#2672=DIRECTION('',(1.,0.,0.));
#2673=DIRECTION('',(1.,0.,0.));
#2674=DIRECTION('',(0.,1.,0.));
#2675=DIRECTION('center_axis',(0.,1.,0.));
#2676=DIRECTION('ref_axis',(0.,0.,-1.));
#2677=DIRECTION('center_axis',(0.,-1.,0.));
#2678=DIRECTION('ref_axis',(0.,0.,-1.));
#2679=DIRECTION('center_axis',(0.,-1.,0.));
#2680=DIRECTION('ref_axis',(0.,0.,-1.));
#2681=DIRECTION('',(0.,1.,0.));
#2682=DIRECTION('center_axis',(1.,0.,0.));
#2683=DIRECTION('ref_axis',(0.,0.,-1.));
#2684=DIRECTION('',(0.,0.,-1.));
#2685=DIRECTION('',(0.,0.,-1.));
#2686=DIRECTION('',(0.,1.,0.));
#2687=DIRECTION('center_axis',(0.,1.,0.));
#2688=DIRECTION('ref_axis',(-1.,0.,0.));
#2689=DIRECTION('center_axis',(0.,-1.,0.));
#2690=DIRECTION('ref_axis',(-1.,0.,0.));
#2691=DIRECTION('center_axis',(0.,-1.,0.));
#2692=DIRECTION('ref_axis',(-1.,0.,0.));
#2693=DIRECTION('',(0.,1.,0.));
#2694=DIRECTION('center_axis',(0.,0.,-1.));
#2695=DIRECTION('ref_axis',(-1.,0.,0.));
#2696=DIRECTION('',(-1.,0.,0.));
#2697=DIRECTION('',(-1.,0.,0.));
#2698=DIRECTION('',(0.,1.,0.));
#2699=DIRECTION('center_axis',(0.,1.,0.));
#2700=DIRECTION('ref_axis',(0.,0.,1.));
#2701=DIRECTION('center_axis',(0.,-1.,0.));
#2702=DIRECTION('ref_axis',(0.,0.,1.));
#2703=DIRECTION('center_axis',(0.,-1.,0.));
#2704=DIRECTION('ref_axis',(0.,0.,1.));
#2705=DIRECTION('center_axis',(-1.,0.,-2.10879462022253E-10));
#2706=DIRECTION('ref_axis',(-2.10879462022253E-10,0.,1.));
#2707=DIRECTION('',(2.10879462022253E-10,0.,-1.));
#2708=DIRECTION('',(0.,1.,0.));
#2709=DIRECTION('',(-2.10879462022253E-10,0.,1.));
#2710=DIRECTION('',(0.,1.,0.));
#2711=DIRECTION('center_axis',(2.3048009053776E-11,0.,-1.));
#2712=DIRECTION('ref_axis',(-1.,0.,-2.3048009053776E-11));
#2713=DIRECTION('',(1.,0.,2.3048009053776E-11));
#2714=DIRECTION('',(-1.,0.,-2.3048009053776E-11));
#2715=DIRECTION('',(0.,1.,0.));
#2716=DIRECTION('center_axis',(-1.,0.,2.61468490074009E-10));
#2717=DIRECTION('ref_axis',(2.61468490074009E-10,0.,1.));
#2718=DIRECTION('',(2.61468490074009E-10,0.,1.));
#2719=DIRECTION('',(2.61468490074009E-10,0.,1.));
#2720=DIRECTION('',(0.,1.,0.));
#2721=DIRECTION('center_axis',(-0.70710678129256,0.,0.707106781080535));
#2722=DIRECTION('ref_axis',(0.707106781080535,0.,0.70710678129256));
#2723=DIRECTION('',(0.707106781080535,0.,0.70710678129256));
#2724=DIRECTION('',(0.707106781080535,0.,0.70710678129256));
#2725=DIRECTION('',(0.,1.,0.));
#2726=DIRECTION('center_axis',(-2.01600648807099E-11,0.,1.));
#2727=DIRECTION('ref_axis',(1.,0.,2.01600648807099E-11));
#2728=DIRECTION('',(1.,0.,2.01600648807099E-11));
#2729=DIRECTION('',(1.,0.,2.01600648807099E-11));
#2730=DIRECTION('',(0.,1.,0.));
#2731=DIRECTION('center_axis',(-0.707106781246122,0.,0.707106781126973));
#2732=DIRECTION('ref_axis',(0.707106781126973,0.,0.707106781246122));
#2733=DIRECTION('',(-0.707106781126973,0.,-0.707106781246122));
#2734=DIRECTION('',(0.707106781126973,0.,0.707106781246122));
#2735=DIRECTION('',(0.,1.,0.));
#2736=DIRECTION('center_axis',(0.707106781449589,0.,0.707106780923506));
#2737=DIRECTION('ref_axis',(0.707106780923506,0.,-0.707106781449589));
#2738=DIRECTION('',(0.707106780923506,0.,-0.707106781449589));
#2739=DIRECTION('',(0.707106780923506,0.,-0.707106781449589));
#2740=DIRECTION('',(0.,1.,0.));
#2741=DIRECTION('center_axis',(1.40631862925927E-11,0.,1.));
#2742=DIRECTION('ref_axis',(1.,0.,-1.40631862925927E-11));
#2743=DIRECTION('',(1.,0.,-1.40631862925927E-11));
#2744=DIRECTION('',(1.,0.,-1.40631862925927E-11));
#2745=DIRECTION('',(0.,1.,0.));
#2746=DIRECTION('center_axis',(0.707106781194796,0.,0.707106781178299));
#2747=DIRECTION('ref_axis',(0.707106781178299,0.,-0.707106781194796));
#2748=DIRECTION('',(0.707106781178299,0.,-0.707106781194796));
#2749=DIRECTION('',(0.707106781178299,0.,-0.707106781194796));
#2750=DIRECTION('',(0.,1.,0.));
#2751=DIRECTION('center_axis',(1.,0.,6.23406124190961E-11));
#2752=DIRECTION('ref_axis',(6.23406124190961E-11,0.,-1.));
#2753=DIRECTION('',(6.23406124190961E-11,0.,-1.));
#2754=DIRECTION('',(6.23406124190961E-11,0.,-1.));
#2755=DIRECTION('',(0.,1.,0.));
#2756=DIRECTION('center_axis',(3.54020847977388E-11,0.,-1.));
#2757=DIRECTION('ref_axis',(-1.,0.,-3.54020847977388E-11));
#2758=DIRECTION('',(-1.,0.,-3.54020847977388E-11));
#2759=DIRECTION('',(-1.,0.,-3.54020847977388E-11));
#2760=DIRECTION('',(0.,1.,0.));
#2761=DIRECTION('center_axis',(1.,0.,7.21910185951033E-11));
#2762=DIRECTION('ref_axis',(7.21910185951033E-11,0.,-1.));
#2763=DIRECTION('',(7.21910185951033E-11,0.,-1.));
#2764=DIRECTION('',(7.21910185951033E-11,0.,-1.));
#2765=DIRECTION('',(0.,1.,0.));
#2766=DIRECTION('center_axis',(2.71359405531656E-10,0.,1.));
#2767=DIRECTION('ref_axis',(1.,0.,-2.71359405531656E-10));
#2768=DIRECTION('',(1.,0.,-2.71359405531656E-10));
#2769=DIRECTION('',(1.,0.,-2.71359405531656E-10));
#2770=DIRECTION('',(0.,1.,0.));
#2771=DIRECTION('center_axis',(0.,1.,0.));
#2772=DIRECTION('ref_axis',(-1.,0.,1.0335510225442E-10));
#2773=DIRECTION('center_axis',(0.,1.,0.));
#2774=DIRECTION('ref_axis',(-1.,0.,1.0335510225442E-10));
#2775=DIRECTION('center_axis',(0.,1.,0.));
#2776=DIRECTION('ref_axis',(-1.,0.,1.0335510225442E-10));
#2777=DIRECTION('',(0.,1.,0.));
#2778=DIRECTION('center_axis',(-1.,0.,7.48066408014924E-11));
#2779=DIRECTION('ref_axis',(7.48066408014924E-11,0.,1.));
#2780=DIRECTION('',(7.48066408014924E-11,0.,1.));
#2781=DIRECTION('',(7.48066408014924E-11,0.,1.));
#2782=DIRECTION('',(0.,1.,0.));
#2783=DIRECTION('center_axis',(1.40081362151883E-11,0.,-1.));
#2784=DIRECTION('ref_axis',(-1.,0.,-1.40081362151883E-11));
#2785=DIRECTION('',(-1.,0.,-1.40081362151883E-11));
#2786=DIRECTION('',(-1.,0.,-1.40081362151883E-11));
#2787=DIRECTION('',(0.,1.,0.));
#2788=DIRECTION('center_axis',(1.,0.,-5.2451133544817E-13));
#2789=DIRECTION('ref_axis',(-5.2451133544817E-13,0.,-1.));
#2790=DIRECTION('',(-5.2451133544817E-13,0.,-1.));
#2791=DIRECTION('',(-5.2451133544817E-13,0.,-1.));
#2792=DIRECTION('',(0.,1.,0.));
#2793=DIRECTION('center_axis',(-1.32955286513465E-10,0.,-1.));
#2794=DIRECTION('ref_axis',(-1.,0.,1.32955286513465E-10));
#2795=DIRECTION('',(-1.,0.,1.32955286513465E-10));
#2796=DIRECTION('',(-1.,0.,1.32955286513465E-10));
#2797=DIRECTION('',(0.,1.,0.));
#2798=DIRECTION('center_axis',(-0.707106781189203,0.,-0.707106781183892));
#2799=DIRECTION('ref_axis',(-0.707106781183892,0.,0.707106781189203));
#2800=DIRECTION('',(-0.707106781183892,0.,0.707106781189203));
#2801=DIRECTION('',(-0.707106781183892,0.,0.707106781189203));
#2802=DIRECTION('',(0.,1.,0.));
#2803=DIRECTION('center_axis',(-1.,0.,5.57338797697121E-13));
#2804=DIRECTION('ref_axis',(5.57338797697121E-13,0.,1.));
#2805=DIRECTION('',(5.57338797697121E-13,0.,1.));
#2806=DIRECTION('',(5.57338797697121E-13,0.,1.));
#2807=DIRECTION('',(0.,1.,0.));
#2808=DIRECTION('center_axis',(-0.707106779514537,0.,-0.707106782858558));
#2809=DIRECTION('ref_axis',(-0.707106782858558,0.,0.707106779514537));
#2810=DIRECTION('',(0.707106782858558,0.,-0.707106779514537));
#2811=DIRECTION('',(-0.707106782858558,0.,0.707106779514537));
#2812=DIRECTION('',(0.,1.,0.));
#2813=DIRECTION('center_axis',(-0.707106779000326,0.,0.707106783372769));
#2814=DIRECTION('ref_axis',(0.707106783372769,0.,0.707106779000326));
#2815=DIRECTION('',(0.707106783372769,0.,0.707106779000326));
#2816=DIRECTION('',(0.707106783372769,0.,0.707106779000326));
#2817=DIRECTION('',(0.,1.,0.));
#2818=DIRECTION('center_axis',(-1.,0.,-2.19298415632484E-12));
#2819=DIRECTION('ref_axis',(-2.19298415632484E-12,0.,1.));
#2820=DIRECTION('',(2.19298415632484E-12,0.,-1.));
#2821=DIRECTION('',(-2.19298415632484E-12,0.,1.));
#2822=DIRECTION('',(0.,1.,0.));
#2823=DIRECTION('center_axis',(-0.707106781179251,0.,0.707106781193844));
#2824=DIRECTION('ref_axis',(0.707106781193844,0.,0.707106781179251));
#2825=DIRECTION('',(-0.707106781193844,0.,-0.707106781179251));
#2826=DIRECTION('',(0.707106781193844,0.,0.707106781179251));
#2827=DIRECTION('',(0.,1.,0.));
#2828=DIRECTION('center_axis',(5.32046149341605E-12,0.,1.));
#2829=DIRECTION('ref_axis',(1.,0.,-5.32046149341605E-12));
#2830=DIRECTION('',(-1.,0.,5.32046149341605E-12));
#2831=DIRECTION('',(1.,0.,-5.32046149341605E-12));
#2832=DIRECTION('',(0.,1.,0.));
#2833=DIRECTION('center_axis',(1.,0.,1.81214910401246E-12));
#2834=DIRECTION('ref_axis',(1.81214910401246E-12,0.,-1.));
#2835=DIRECTION('',(-1.81214910401246E-12,0.,1.));
#2836=DIRECTION('',(1.81214910401246E-12,0.,-1.));
#2837=DIRECTION('',(0.,1.,0.));
#2838=DIRECTION('center_axis',(-5.70370910994221E-11,0.,1.));
#2839=DIRECTION('ref_axis',(1.,0.,5.70370910994221E-11));
#2840=DIRECTION('',(-1.,0.,-5.70370910994221E-11));
#2841=DIRECTION('',(1.,0.,5.70370910994221E-11));
#2842=DIRECTION('',(0.,1.,0.));
#2843=DIRECTION('center_axis',(-1.,0.,-1.81106297079283E-12));
#2844=DIRECTION('ref_axis',(-1.81106297079283E-12,0.,1.));
#2845=DIRECTION('',(1.81106297079283E-12,0.,-1.));
#2846=DIRECTION('',(-1.81106297079283E-12,0.,1.));
#2847=DIRECTION('',(0.,1.,0.));
#2848=DIRECTION('center_axis',(0.,1.,0.));
#2849=DIRECTION('ref_axis',(1.47955721739654E-12,0.,-1.));
#2850=DIRECTION('center_axis',(0.,1.,0.));
#2851=DIRECTION('ref_axis',(1.47955721739654E-12,0.,-1.));
#2852=DIRECTION('center_axis',(0.,1.,0.));
#2853=DIRECTION('ref_axis',(1.47955721739654E-12,0.,-1.));
#2854=DIRECTION('',(0.,1.,0.));
#2855=DIRECTION('center_axis',(2.53857252677513E-10,0.,-1.));
#2856=DIRECTION('ref_axis',(-1.,0.,-2.53857252677513E-10));
#2857=DIRECTION('',(1.,0.,2.53857252677513E-10));
#2858=DIRECTION('',(-1.,0.,-2.53857252677513E-10));
#2859=DIRECTION('',(0.,1.,0.));
#2860=DIRECTION('center_axis',(1.,0.,-1.47887874786532E-11));
#2861=DIRECTION('ref_axis',(-1.47887874786532E-11,0.,-1.));
#2862=DIRECTION('',(1.47887874786532E-11,0.,1.));
#2863=DIRECTION('',(-1.47887874786532E-11,0.,-1.));
#2864=DIRECTION('',(0.,1.,0.));
#2865=DIRECTION('center_axis',(1.02264244608204E-11,0.,1.));
#2866=DIRECTION('ref_axis',(1.,0.,-1.02264244608204E-11));
#2867=DIRECTION('',(-1.,0.,1.02264244608204E-11));
#2868=DIRECTION('',(1.,0.,-1.02264244608204E-11));
#2869=DIRECTION('',(0.,1.,0.));
#2870=DIRECTION('center_axis',(1.,0.,-4.30275448621314E-12));
#2871=DIRECTION('ref_axis',(-4.30275448621314E-12,0.,-1.));
#2872=DIRECTION('',(4.30275448621314E-12,0.,1.));
#2873=DIRECTION('',(-4.30275448621314E-12,0.,-1.));
#2874=DIRECTION('',(0.,1.,0.));
#2875=DIRECTION('center_axis',(0.707106781209956,0.,-0.707106781163139));
#2876=DIRECTION('ref_axis',(-0.707106781163139,0.,-0.707106781209956));
#2877=DIRECTION('',(0.707106781163139,0.,0.707106781209956));
#2878=DIRECTION('',(-0.707106781163139,0.,-0.707106781209956));
#2879=DIRECTION('',(0.,1.,0.));
#2880=DIRECTION('center_axis',(-8.29869270637023E-12,0.,-1.));
#2881=DIRECTION('ref_axis',(-1.,0.,8.29869270637023E-12));
#2882=DIRECTION('',(1.,0.,-8.29869270637023E-12));
#2883=DIRECTION('',(-1.,0.,8.29869270637023E-12));
#2884=DIRECTION('',(0.,1.,0.));
#2885=DIRECTION('center_axis',(0.707106781189726,0.,-0.707106781183369));
#2886=DIRECTION('ref_axis',(-0.707106781183369,0.,-0.707106781189726));
#2887=DIRECTION('',(0.707106781183369,0.,0.707106781189726));
#2888=DIRECTION('',(-0.707106781183369,0.,-0.707106781189726));
#2889=DIRECTION('',(0.,1.,0.));
#2890=DIRECTION('center_axis',(-0.707106781189923,0.,-0.707106781183172));
#2891=DIRECTION('ref_axis',(-0.707106781183172,0.,0.707106781189923));
#2892=DIRECTION('',(-0.707106781183172,0.,0.707106781189923));
#2893=DIRECTION('',(-0.707106781183172,0.,0.707106781189923));
#2894=DIRECTION('',(0.,1.,0.));
#2895=DIRECTION('center_axis',(3.08291819334856E-11,0.,-1.));
#2896=DIRECTION('ref_axis',(-1.,0.,-3.08291819334856E-11));
#2897=DIRECTION('',(1.,0.,3.08291819334856E-11));
#2898=DIRECTION('',(-1.,0.,-3.08291819334856E-11));
#2899=DIRECTION('',(0.,1.,0.));
#2900=DIRECTION('center_axis',(-0.707106781226639,0.,-0.707106781146456));
#2901=DIRECTION('ref_axis',(-0.707106781146456,0.,0.707106781226639));
#2902=DIRECTION('',(0.707106781146456,0.,-0.707106781226639));
#2903=DIRECTION('',(-0.707106781146456,0.,0.707106781226639));
#2904=DIRECTION('',(0.,1.,0.));
#2905=DIRECTION('center_axis',(-1.,0.,-4.10623145355627E-10));
#2906=DIRECTION('ref_axis',(-4.10623145355627E-10,0.,1.));
#2907=DIRECTION('',(4.10623145355627E-10,0.,-1.));
#2908=DIRECTION('',(-4.10623145355627E-10,0.,1.));
#2909=DIRECTION('',(0.,1.,0.));
#2910=DIRECTION('center_axis',(1.57220836667443E-12,0.,1.));
#2911=DIRECTION('ref_axis',(1.,0.,-1.57220836667443E-12));
#2912=DIRECTION('',(1.,0.,-1.57220836667443E-12));
#2913=DIRECTION('',(1.,0.,-1.57220836667443E-12));
#2914=DIRECTION('',(0.,1.,0.));
#2915=DIRECTION('center_axis',(-1.,0.,8.38588457911505E-12));
#2916=DIRECTION('ref_axis',(8.38588457911505E-12,0.,1.));
#2917=DIRECTION('',(8.38588457911505E-12,0.,1.));
#2918=DIRECTION('',(8.38588457911505E-12,0.,1.));
#2919=DIRECTION('',(0.,1.,0.));
#2920=DIRECTION('center_axis',(-1.56324626441833E-10,0.,-1.));
#2921=DIRECTION('ref_axis',(-1.,0.,1.56324626441833E-10));
#2922=DIRECTION('',(1.,0.,-1.56324626441833E-10));
#2923=DIRECTION('',(-1.,0.,1.56324626441833E-10));
#2924=DIRECTION('',(0.,1.,0.));
#2925=DIRECTION('center_axis',(0.,1.,0.));
#2926=DIRECTION('ref_axis',(1.,0.,-3.26945877723677E-11));
#2927=DIRECTION('center_axis',(0.,1.,0.));
#2928=DIRECTION('ref_axis',(1.,0.,-3.26945877723677E-11));
#2929=DIRECTION('center_axis',(0.,1.,0.));
#2930=DIRECTION('ref_axis',(1.,0.,-3.26945877723677E-11));
#2931=DIRECTION('',(0.,1.,0.));
#2932=DIRECTION('center_axis',(1.,0.,5.02042851718654E-11));
#2933=DIRECTION('ref_axis',(5.02042851718654E-11,0.,-1.));
#2934=DIRECTION('',(-5.02042851718654E-11,0.,1.));
#2935=DIRECTION('',(5.02042851718654E-11,0.,-1.));
#2936=DIRECTION('',(0.,1.,0.));
#2937=DIRECTION('center_axis',(-2.27332556071297E-11,0.,1.));
#2938=DIRECTION('ref_axis',(1.,0.,2.27332556071297E-11));
#2939=DIRECTION('',(-1.,0.,-2.27332556071297E-11));
#2940=DIRECTION('',(1.,0.,2.27332556071297E-11));
#2941=DIRECTION('',(0.,1.,0.));
#2942=DIRECTION('center_axis',(-1.,0.,-6.41167605418714E-13));
#2943=DIRECTION('ref_axis',(-6.41167605418714E-13,0.,1.));
#2944=DIRECTION('',(6.41167605418714E-13,0.,-1.));
#2945=DIRECTION('',(-6.41167605418714E-13,0.,1.));
#2946=DIRECTION('',(0.,1.,0.));
#2947=DIRECTION('center_axis',(3.6117694975982E-10,0.,1.));
#2948=DIRECTION('ref_axis',(1.,0.,-3.6117694975982E-10));
#2949=DIRECTION('',(-1.,0.,3.6117694975982E-10));
#2950=DIRECTION('',(1.,0.,-3.6117694975982E-10));
#2951=DIRECTION('',(0.,1.,0.));
#2952=DIRECTION('center_axis',(0.707106781077849,0.,0.707106781295246));
#2953=DIRECTION('ref_axis',(0.707106781295246,0.,-0.707106781077849));
#2954=DIRECTION('',(-0.707106781295246,0.,0.707106781077849));
#2955=DIRECTION('',(0.707106781295246,0.,-0.707106781077849));
#2956=DIRECTION('',(0.,1.,0.));
#2957=DIRECTION('center_axis',(1.,0.,8.00154345702992E-11));
#2958=DIRECTION('ref_axis',(8.00154345702992E-11,0.,-1.));
#2959=DIRECTION('',(-8.00154345702992E-11,0.,1.));
#2960=DIRECTION('',(8.00154345702992E-11,0.,-1.));
#2961=DIRECTION('',(0.,1.,0.));
#2962=DIRECTION('center_axis',(0.707106779970897,0.,0.707106782402198));
#2963=DIRECTION('ref_axis',(0.707106782402198,0.,-0.707106779970897));
#2964=DIRECTION('',(-0.707106782402198,0.,0.707106779970897));
#2965=DIRECTION('',(0.707106782402198,0.,-0.707106779970897));
#2966=DIRECTION('',(0.,1.,0.));
#2967=DIRECTION('center_axis',(0.707106780985331,0.,-0.707106781387764));
#2968=DIRECTION('ref_axis',(-0.707106781387764,0.,-0.707106780985331));
#2969=DIRECTION('',(-0.707106781387764,0.,-0.707106780985331));
#2970=DIRECTION('',(-0.707106781387764,0.,-0.707106780985331));
#2971=DIRECTION('',(0.,1.,0.));
#2972=DIRECTION('center_axis',(1.,0.,-4.42366384241152E-11));
#2973=DIRECTION('ref_axis',(-4.42366384241152E-11,0.,-1.));
#2974=DIRECTION('',(-4.42366384241152E-11,0.,-1.));
#2975=DIRECTION('',(-4.42366384241152E-11,0.,-1.));
#2976=DIRECTION('',(0.,1.,0.));
#2977=DIRECTION('center_axis',(0.707106781146811,0.,-0.707106781226284));
#2978=DIRECTION('ref_axis',(-0.707106781226284,0.,-0.707106781146811));
#2979=DIRECTION('',(-0.707106781226284,0.,-0.707106781146811));
#2980=DIRECTION('',(-0.707106781226284,0.,-0.707106781146811));
#2981=DIRECTION('',(0.,1.,0.));
#2982=DIRECTION('center_axis',(-1.93111636628098E-10,0.,-1.));
#2983=DIRECTION('ref_axis',(-1.,0.,1.93111636628098E-10));
#2984=DIRECTION('',(-1.,0.,1.93111636628098E-10));
#2985=DIRECTION('',(-1.,0.,1.93111636628098E-10));
#2986=DIRECTION('',(0.,1.,0.));
#2987=DIRECTION('center_axis',(-1.,0.,4.60394574881391E-12));
#2988=DIRECTION('ref_axis',(4.60394574881391E-12,0.,1.));
#2989=DIRECTION('',(4.60394574881391E-12,0.,1.));
#2990=DIRECTION('',(4.60394574881391E-12,0.,1.));
#2991=DIRECTION('',(0.,1.,0.));
#2992=DIRECTION('center_axis',(-8.36550993078501E-11,0.,-1.));
#2993=DIRECTION('ref_axis',(-1.,0.,8.36550993078501E-11));
#2994=DIRECTION('',(-1.,0.,8.36550993078501E-11));
#2995=DIRECTION('',(-1.,0.,8.36550993078501E-11));
#2996=DIRECTION('',(0.,1.,0.));
#2997=DIRECTION('center_axis',(1.,0.,4.25930066180804E-11));
#2998=DIRECTION('ref_axis',(4.25930066180804E-11,0.,-1.));
#2999=DIRECTION('',(4.25930066180804E-11,0.,-1.));
#3000=DIRECTION('',(4.25930066180804E-11,0.,-1.));
#3001=DIRECTION('',(0.,1.,0.));
#3002=DIRECTION('center_axis',(0.,1.,0.));
#3003=DIRECTION('ref_axis',(-4.5852210917019E-12,0.,1.));
#3004=DIRECTION('center_axis',(0.,1.,0.));
#3005=DIRECTION('ref_axis',(-4.5852210917019E-12,0.,1.));
#3006=DIRECTION('center_axis',(0.,1.,0.));
#3007=DIRECTION('ref_axis',(-4.5852210917019E-12,0.,1.));
#3008=DIRECTION('',(0.,1.,0.));
#3009=DIRECTION('center_axis',(-1.67610463319127E-10,0.,1.));
#3010=DIRECTION('ref_axis',(1.,0.,1.67610463319127E-10));
#3011=DIRECTION('',(1.,0.,1.67610463319127E-10));
#3012=DIRECTION('',(1.,0.,1.67610463319127E-10));
#3013=DIRECTION('center_axis',(0.,1.,0.));
#3014=DIRECTION('ref_axis',(1.,0.,0.));
#3015=DIRECTION('center_axis',(0.,1.,0.));
#3016=DIRECTION('ref_axis',(1.,0.,0.));
#3017=CARTESIAN_POINT('',(0.,0.,0.));
#3018=CARTESIAN_POINT('Origin',(-3.8132977114796,0.,-5.51035398632731));
#3019=CARTESIAN_POINT('',(-3.8132977114796,0.,-5.51035398632731));
#3020=CARTESIAN_POINT('',(-2.68192686158123,0.,-4.37898313642894));
#3021=CARTESIAN_POINT('',(-2.68192686158123,0.,-4.37898313642894));
#3022=CARTESIAN_POINT('',(-2.68192686158123,100.,-4.37898313642894));
#3023=CARTESIAN_POINT('',(-2.68192686158123,0.,-4.37898313642894));
#3024=CARTESIAN_POINT('',(-3.8132977114796,100.,-5.51035398632731));
#3025=CARTESIAN_POINT('',(-2.68192686158123,100.,-4.37898313642894));
#3026=CARTESIAN_POINT('',(-3.8132977114796,0.,-5.51035398632731));
#3027=CARTESIAN_POINT('Origin',(-5.51035398632731,0.,-3.81329771147959));
#3028=CARTESIAN_POINT('',(-5.51035398632731,0.,-3.81329771147959));
#3029=CARTESIAN_POINT('',(-3.8132977114796,0.,-5.51035398632731));
#3030=CARTESIAN_POINT('',(-5.51035398632731,100.,-3.81329771147959));
#3031=CARTESIAN_POINT('',(-3.8132977114796,100.,-5.51035398632731));
#3032=CARTESIAN_POINT('',(-5.51035398632731,0.,-3.81329771147959));
#3033=CARTESIAN_POINT('Origin',(-4.37898313642894,0.,-2.68192686158124));
#3034=CARTESIAN_POINT('',(-4.37898313642894,0.,-2.68192686158124));
#3035=CARTESIAN_POINT('',(-5.51035398632731,0.,-3.81329771147959));
#3036=CARTESIAN_POINT('',(-4.37898313642894,100.,-2.68192686158124));
#3037=CARTESIAN_POINT('',(-5.51035398632731,100.,-3.81329771147959));
#3038=CARTESIAN_POINT('',(-4.37898313642894,0.,-2.68192686158124));
#3039=CARTESIAN_POINT('Origin',(0.,0.,0.));
#3040=CARTESIAN_POINT('',(-4.37898313642894,0.,2.68192686158123));
#3041=CARTESIAN_POINT('Origin',(0.,0.,0.));
#3042=CARTESIAN_POINT('',(-4.37898313642894,100.,2.68192686158123));
#3043=CARTESIAN_POINT('Origin',(0.,100.,0.));
#3044=CARTESIAN_POINT('',(-4.37898313642894,0.,2.68192686158123));
#3045=CARTESIAN_POINT('Origin',(-5.51035398632741,0.,3.81329771147971));
#3046=CARTESIAN_POINT('',(-5.51035398632741,0.,3.81329771147971));
#3047=CARTESIAN_POINT('',(-5.51035398632741,0.,3.81329771147971));
#3048=CARTESIAN_POINT('',(-5.51035398632741,100.,3.81329771147971));
#3049=CARTESIAN_POINT('',(-5.51035398632741,100.,3.81329771147971));
#3050=CARTESIAN_POINT('',(-5.51035398632741,0.,3.81329771147971));
#3051=CARTESIAN_POINT('Origin',(-3.81329771148247,0.,5.51035398632297));
#3052=CARTESIAN_POINT('',(-3.81329771148247,0.,5.51035398632297));
#3053=CARTESIAN_POINT('',(-3.81329771148247,0.,5.51035398632297));
#3054=CARTESIAN_POINT('',(-3.81329771148248,100.,5.51035398632297));
#3055=CARTESIAN_POINT('',(-3.81329771148247,100.,5.51035398632297));
#3056=CARTESIAN_POINT('',(-3.81329771148247,0.,5.51035398632297));
#3057=CARTESIAN_POINT('Origin',(-2.68192686158085,0.,4.37898313642918));
#3058=CARTESIAN_POINT('',(-2.68192686158085,0.,4.37898313642918));
#3059=CARTESIAN_POINT('',(-2.68192686158085,0.,4.37898313642918));
#3060=CARTESIAN_POINT('',(-2.68192686158085,100.,4.37898313642918));
#3061=CARTESIAN_POINT('',(-2.68192686158085,100.,4.37898313642918));
#3062=CARTESIAN_POINT('',(-2.68192686158085,0.,4.37898313642918));
#3063=CARTESIAN_POINT('Origin',(0.,0.,0.));
#3064=CARTESIAN_POINT('',(2.68192686158127,0.,4.37898313642892));
#3065=CARTESIAN_POINT('Origin',(0.,0.,0.));
#3066=CARTESIAN_POINT('',(2.68192686158127,100.,4.37898313642892));
#3067=CARTESIAN_POINT('Origin',(0.,100.,0.));
#3068=CARTESIAN_POINT('',(2.68192686158127,0.,4.37898313642892));
#3069=CARTESIAN_POINT('Origin',(3.81329771147965,0.,5.51035398632728));
#3070=CARTESIAN_POINT('',(3.81329771147965,0.,5.51035398632728));
#3071=CARTESIAN_POINT('',(2.68192686158127,0.,4.37898313642892));
#3072=CARTESIAN_POINT('',(3.81329771147965,100.,5.51035398632728));
#3073=CARTESIAN_POINT('',(2.68192686158127,100.,4.37898313642892));
#3074=CARTESIAN_POINT('',(3.81329771147965,0.,5.51035398632728));
#3075=CARTESIAN_POINT('Origin',(5.51035398632731,0.,3.8132977114796));
#3076=CARTESIAN_POINT('',(5.51035398632731,0.,3.8132977114796));
#3077=CARTESIAN_POINT('',(3.81329771147965,0.,5.51035398632728));
#3078=CARTESIAN_POINT('',(5.51035398632731,100.,3.8132977114796));
#3079=CARTESIAN_POINT('',(3.81329771147965,100.,5.51035398632728));
#3080=CARTESIAN_POINT('',(5.51035398632731,0.,3.8132977114796));
#3081=CARTESIAN_POINT('Origin',(4.37898313642894,0.,2.68192686158123));
#3082=CARTESIAN_POINT('',(4.37898313642894,0.,2.68192686158123));
#3083=CARTESIAN_POINT('',(5.51035398632731,0.,3.8132977114796));
#3084=CARTESIAN_POINT('',(4.37898313642894,100.,2.68192686158123));
#3085=CARTESIAN_POINT('',(5.51035398632731,100.,3.8132977114796));
#3086=CARTESIAN_POINT('',(4.37898313642894,0.,2.68192686158123));
#3087=CARTESIAN_POINT('Origin',(0.,0.,0.));
#3088=CARTESIAN_POINT('',(4.37898313642896,0.,-2.68192686158121));
#3089=CARTESIAN_POINT('Origin',(0.,0.,0.));
#3090=CARTESIAN_POINT('',(4.37898313642896,100.,-2.68192686158121));
#3091=CARTESIAN_POINT('Origin',(0.,100.,0.));
#3092=CARTESIAN_POINT('',(4.37898313642896,0.,-2.68192686158121));
#3093=CARTESIAN_POINT('Origin',(5.51035398632742,0.,-3.8132977114797));
#3094=CARTESIAN_POINT('',(5.51035398632742,0.,-3.8132977114797));
#3095=CARTESIAN_POINT('',(5.51035398632742,0.,-3.8132977114797));
#3096=CARTESIAN_POINT('',(5.51035398632742,100.,-3.8132977114797));
#3097=CARTESIAN_POINT('',(5.51035398632742,100.,-3.8132977114797));
#3098=CARTESIAN_POINT('',(5.51035398632742,0.,-3.8132977114797));
#3099=CARTESIAN_POINT('Origin',(3.8132977114797,0.,-5.51035398632742));
#3100=CARTESIAN_POINT('',(3.8132977114797,0.,-5.51035398632742));
#3101=CARTESIAN_POINT('',(3.8132977114797,0.,-5.51035398632742));
#3102=CARTESIAN_POINT('',(3.8132977114797,100.,-5.51035398632742));
#3103=CARTESIAN_POINT('',(3.8132977114797,100.,-5.51035398632742));
#3104=CARTESIAN_POINT('',(3.8132977114797,0.,-5.51035398632742));
#3105=CARTESIAN_POINT('Origin',(2.68192686158123,0.,-4.37898313642894));
#3106=CARTESIAN_POINT('',(2.68192686158123,0.,-4.37898313642894));
#3107=CARTESIAN_POINT('',(2.68192686158123,0.,-4.37898313642894));
#3108=CARTESIAN_POINT('',(2.68192686158123,100.,-4.37898313642894));
#3109=CARTESIAN_POINT('',(2.68192686158123,100.,-4.37898313642894));
#3110=CARTESIAN_POINT('',(2.68192686158123,0.,-4.37898313642894));
#3111=CARTESIAN_POINT('Origin',(0.,0.,0.));
#3112=CARTESIAN_POINT('Origin',(0.,0.,0.));
#3113=CARTESIAN_POINT('Origin',(0.,100.,0.));
#3114=CARTESIAN_POINT('Origin',(12.9999999999987,0.,-18.0000000000079));
#3115=CARTESIAN_POINT('',(12.9999999999987,0.,-18.0000000000079));
#3116=CARTESIAN_POINT('',(17.0000000000117,0.,-18.0000000000078));
#3117=CARTESIAN_POINT('',(17.0000000000117,0.,-18.0000000000079));
#3118=CARTESIAN_POINT('',(17.0000000000117,100.,-18.0000000000078));
#3119=CARTESIAN_POINT('',(17.0000000000117,0.,-18.0000000000078));
#3120=CARTESIAN_POINT('',(12.9999999999987,100.,-18.0000000000079));
#3121=CARTESIAN_POINT('',(17.0000000000117,100.,-18.0000000000079));
#3122=CARTESIAN_POINT('',(12.9999999999987,0.,-18.0000000000079));
#3123=CARTESIAN_POINT('Origin',(12.9999999999987,0.,-17.0000000000092));
#3124=CARTESIAN_POINT('',(12.,0.,-17.0000000000092));
#3125=CARTESIAN_POINT('Origin',(12.9999999999987,0.,-17.0000000000092));
#3126=CARTESIAN_POINT('',(12.,100.,-17.0000000000092));
#3127=CARTESIAN_POINT('Origin',(12.9999999999987,100.,-17.0000000000092));
#3128=CARTESIAN_POINT('',(12.,0.,-17.0000000000092));
#3129=CARTESIAN_POINT('Origin',(12.,0.,-12.9999999999971));
#3130=CARTESIAN_POINT('',(12.,0.,-12.9999999999971));
#3131=CARTESIAN_POINT('',(12.,0.,-17.0000000000092));
#3132=CARTESIAN_POINT('',(12.,100.,-12.9999999999971));
#3133=CARTESIAN_POINT('',(12.,100.,-17.0000000000092));
#3134=CARTESIAN_POINT('',(12.,0.,-12.9999999999971));
#3135=CARTESIAN_POINT('Origin',(13.0000000000066,0.,-12.9999999999971));
#3136=CARTESIAN_POINT('',(13.0000000000066,0.,-11.9999999999905));
#3137=CARTESIAN_POINT('Origin',(13.0000000000066,0.,-12.9999999999971));
#3138=CARTESIAN_POINT('',(13.0000000000066,100.,-11.9999999999905));
#3139=CARTESIAN_POINT('Origin',(13.0000000000066,100.,-12.9999999999971));
#3140=CARTESIAN_POINT('',(13.0000000000066,0.,-11.9999999999905));
#3141=CARTESIAN_POINT('Origin',(16.9999999999839,0.,-11.9999999999905));
#3142=CARTESIAN_POINT('',(16.9999999999839,0.,-11.9999999999905));
#3143=CARTESIAN_POINT('',(13.0000000000066,0.,-11.9999999999905));
#3144=CARTESIAN_POINT('',(16.9999999999839,100.,-11.9999999999905));
#3145=CARTESIAN_POINT('',(13.0000000000066,100.,-11.9999999999905));
#3146=CARTESIAN_POINT('',(16.9999999999839,0.,-11.9999999999905));
#3147=CARTESIAN_POINT('Origin',(16.9999999999839,0.,-13.0000000000066));
#3148=CARTESIAN_POINT('',(18.,0.,-13.0000000000066));
#3149=CARTESIAN_POINT('Origin',(16.9999999999839,0.,-13.0000000000066));
#3150=CARTESIAN_POINT('',(18.,100.,-13.0000000000066));
#3151=CARTESIAN_POINT('Origin',(16.9999999999839,100.,-13.0000000000066));
#3152=CARTESIAN_POINT('',(18.,0.,-13.0000000000066));
#3153=CARTESIAN_POINT('Origin',(18.,0.,-17.0000000000196));
#3154=CARTESIAN_POINT('',(18.,0.,-17.0000000000196));
#3155=CARTESIAN_POINT('',(18.,0.,-13.0000000000066));
#3156=CARTESIAN_POINT('',(18.,100.,-17.0000000000196));
#3157=CARTESIAN_POINT('',(18.,100.,-13.0000000000066));
#3158=CARTESIAN_POINT('',(18.,0.,-17.0000000000196));
#3159=CARTESIAN_POINT('Origin',(17.0000000000117,0.,-17.0000000000196));
#3160=CARTESIAN_POINT('Origin',(17.0000000000117,0.,-17.0000000000196));
#3161=CARTESIAN_POINT('Origin',(17.0000000000117,100.,-17.0000000000196));
#3162=CARTESIAN_POINT('Origin',(-17.0000000000052,0.,-18.0000000000067));
#3163=CARTESIAN_POINT('',(-17.0000000000052,0.,-18.0000000000067));
#3164=CARTESIAN_POINT('',(-12.9999999999921,0.,-18.0000000000066));
#3165=CARTESIAN_POINT('',(-12.9999999999921,0.,-18.0000000000066));
#3166=CARTESIAN_POINT('',(-12.9999999999921,100.,-18.0000000000066));
#3167=CARTESIAN_POINT('',(-12.9999999999921,0.,-18.0000000000066));
#3168=CARTESIAN_POINT('',(-17.0000000000052,100.,-18.0000000000067));
#3169=CARTESIAN_POINT('',(-12.9999999999921,100.,-18.0000000000066));
#3170=CARTESIAN_POINT('',(-17.0000000000052,0.,-18.0000000000067));
#3171=CARTESIAN_POINT('Origin',(-17.0000000000052,0.,-17.0000000000099));
#3172=CARTESIAN_POINT('',(-18.000000000002,0.,-17.0000000000099));
#3173=CARTESIAN_POINT('Origin',(-17.0000000000052,0.,-17.0000000000099));
#3174=CARTESIAN_POINT('',(-18.000000000002,100.,-17.0000000000099));
#3175=CARTESIAN_POINT('Origin',(-17.0000000000052,100.,-17.0000000000099));
#3176=CARTESIAN_POINT('',(-18.000000000002,0.,-17.0000000000099));
#3177=CARTESIAN_POINT('Origin',(-18.000000000002,0.,-12.9999999999968));
#3178=CARTESIAN_POINT('',(-18.000000000002,0.,-12.9999999999968));
#3179=CARTESIAN_POINT('',(-18.000000000002,0.,-17.0000000000099));
#3180=CARTESIAN_POINT('',(-18.000000000002,100.,-12.9999999999968));
#3181=CARTESIAN_POINT('',(-18.000000000002,100.,-17.0000000000099));
#3182=CARTESIAN_POINT('',(-18.000000000002,0.,-12.9999999999968));
#3183=CARTESIAN_POINT('Origin',(-17.0000000000003,0.,-12.9999999999968));
#3184=CARTESIAN_POINT('',(-17.0000000000003,0.,-11.999999999995));
#3185=CARTESIAN_POINT('Origin',(-17.0000000000003,0.,-12.9999999999968));
#3186=CARTESIAN_POINT('',(-17.0000000000003,100.,-11.999999999995));
#3187=CARTESIAN_POINT('Origin',(-17.0000000000003,100.,-12.9999999999968));
#3188=CARTESIAN_POINT('',(-17.0000000000003,0.,-11.999999999995));
#3189=CARTESIAN_POINT('Origin',(-13.000000000004,0.,-11.999999999995));
#3190=CARTESIAN_POINT('',(-13.000000000004,0.,-11.999999999995));
#3191=CARTESIAN_POINT('',(-17.0000000000003,0.,-11.999999999995));
#3192=CARTESIAN_POINT('',(-13.000000000004,100.,-11.999999999995));
#3193=CARTESIAN_POINT('',(-17.0000000000003,100.,-11.999999999995));
#3194=CARTESIAN_POINT('',(-13.000000000004,0.,-11.999999999995));
#3195=CARTESIAN_POINT('Origin',(-13.000000000004,0.,-13.000000000001));
#3196=CARTESIAN_POINT('',(-11.999999999998,0.,-13.000000000001));
#3197=CARTESIAN_POINT('Origin',(-13.000000000004,0.,-13.000000000001));
#3198=CARTESIAN_POINT('',(-11.999999999998,100.,-13.000000000001));
#3199=CARTESIAN_POINT('Origin',(-13.000000000004,100.,-13.000000000001));
#3200=CARTESIAN_POINT('',(-11.999999999998,0.,-13.000000000001));
#3201=CARTESIAN_POINT('Origin',(-11.999999999998,0.,-17.0000000000125));
#3202=CARTESIAN_POINT('',(-11.999999999998,0.,-17.0000000000125));
#3203=CARTESIAN_POINT('',(-11.999999999998,0.,-13.000000000001));
#3204=CARTESIAN_POINT('',(-11.999999999998,100.,-17.0000000000125));
#3205=CARTESIAN_POINT('',(-11.999999999998,100.,-13.000000000001));
#3206=CARTESIAN_POINT('',(-11.999999999998,0.,-17.0000000000125));
#3207=CARTESIAN_POINT('Origin',(-12.9999999999921,0.,-17.0000000000125));
#3208=CARTESIAN_POINT('Origin',(-12.9999999999921,0.,-17.0000000000125));
#3209=CARTESIAN_POINT('Origin',(-12.9999999999921,100.,-17.0000000000125));
#3210=CARTESIAN_POINT('Origin',(-17.0000000000078,0.,11.9999999999943));
#3211=CARTESIAN_POINT('',(-17.0000000000078,0.,11.9999999999943));
#3212=CARTESIAN_POINT('',(-12.9999999999947,0.,11.9999999999943));
#3213=CARTESIAN_POINT('',(-12.9999999999947,0.,11.9999999999942));
#3214=CARTESIAN_POINT('',(-12.9999999999947,100.,11.9999999999943));
#3215=CARTESIAN_POINT('',(-12.9999999999947,0.,11.9999999999943));
#3216=CARTESIAN_POINT('',(-17.0000000000078,100.,11.9999999999943));
#3217=CARTESIAN_POINT('',(-12.9999999999947,100.,11.9999999999942));
#3218=CARTESIAN_POINT('',(-17.0000000000078,0.,11.9999999999943));
#3219=CARTESIAN_POINT('Origin',(-17.0000000000078,0.,12.9999999999942));
#3220=CARTESIAN_POINT('',(-18.0000000000078,0.,12.9999999999943));
#3221=CARTESIAN_POINT('Origin',(-17.0000000000078,0.,12.9999999999942));
#3222=CARTESIAN_POINT('',(-18.0000000000078,100.,12.9999999999943));
#3223=CARTESIAN_POINT('Origin',(-17.0000000000078,100.,12.9999999999942));
#3224=CARTESIAN_POINT('',(-18.0000000000078,0.,12.9999999999943));
#3225=CARTESIAN_POINT('Origin',(-18.0000000000078,0.,17.0000000000074));
#3226=CARTESIAN_POINT('',(-18.0000000000078,0.,17.0000000000074));
#3227=CARTESIAN_POINT('',(-18.0000000000078,0.,12.9999999999943));
#3228=CARTESIAN_POINT('',(-18.0000000000078,100.,17.0000000000074));
#3229=CARTESIAN_POINT('',(-18.0000000000078,100.,12.9999999999943));
#3230=CARTESIAN_POINT('',(-18.0000000000078,0.,17.0000000000074));
#3231=CARTESIAN_POINT('Origin',(-17.0000000000078,0.,17.0000000000074));
#3232=CARTESIAN_POINT('',(-17.0000000000078,0.,18.0000000000073));
#3233=CARTESIAN_POINT('Origin',(-17.0000000000078,0.,17.0000000000074));
#3234=CARTESIAN_POINT('',(-17.0000000000078,100.,18.0000000000073));
#3235=CARTESIAN_POINT('Origin',(-17.0000000000078,100.,17.0000000000074));
#3236=CARTESIAN_POINT('',(-17.0000000000078,0.,18.0000000000073));
#3237=CARTESIAN_POINT('Origin',(-12.9999999999947,0.,18.0000000000074));
#3238=CARTESIAN_POINT('',(-12.9999999999947,0.,18.0000000000074));
#3239=CARTESIAN_POINT('',(-17.0000000000078,0.,18.0000000000074));
#3240=CARTESIAN_POINT('',(-12.9999999999947,100.,18.0000000000074));
#3241=CARTESIAN_POINT('',(-17.0000000000078,100.,18.0000000000074));
#3242=CARTESIAN_POINT('',(-12.9999999999947,0.,18.0000000000074));
#3243=CARTESIAN_POINT('Origin',(-12.9999999999947,0.,17.0000000000074));
#3244=CARTESIAN_POINT('',(-11.9999999999947,0.,17.0000000000074));
#3245=CARTESIAN_POINT('Origin',(-12.9999999999947,0.,17.0000000000074));
#3246=CARTESIAN_POINT('',(-11.9999999999947,100.,17.0000000000074));
#3247=CARTESIAN_POINT('Origin',(-12.9999999999947,100.,17.0000000000074));
#3248=CARTESIAN_POINT('',(-11.9999999999947,0.,17.0000000000074));
#3249=CARTESIAN_POINT('Origin',(-11.9999999999947,0.,12.9999999999942));
#3250=CARTESIAN_POINT('',(-11.9999999999947,0.,12.9999999999942));
#3251=CARTESIAN_POINT('',(-11.9999999999947,0.,17.0000000000074));
#3252=CARTESIAN_POINT('',(-11.9999999999947,100.,12.9999999999942));
#3253=CARTESIAN_POINT('',(-11.9999999999947,100.,17.0000000000074));
#3254=CARTESIAN_POINT('',(-11.9999999999947,0.,12.9999999999942));
#3255=CARTESIAN_POINT('Origin',(-12.9999999999947,0.,12.9999999999942));
#3256=CARTESIAN_POINT('Origin',(-12.9999999999947,0.,12.9999999999942));
#3257=CARTESIAN_POINT('Origin',(-12.9999999999947,100.,12.9999999999942));
#3258=CARTESIAN_POINT('Origin',(18.0000000000066,0.,12.9999999999943));
#3259=CARTESIAN_POINT('',(18.0000000000066,0.,12.9999999999943));
#3260=CARTESIAN_POINT('',(18.0000000000066,0.,17.0000000000074));
#3261=CARTESIAN_POINT('',(18.0000000000066,0.,17.0000000000074));
#3262=CARTESIAN_POINT('',(18.0000000000066,100.,17.0000000000074));
#3263=CARTESIAN_POINT('',(18.0000000000066,0.,17.0000000000074));
#3264=CARTESIAN_POINT('',(18.0000000000066,100.,12.9999999999943));
#3265=CARTESIAN_POINT('',(18.0000000000066,100.,17.0000000000074));
#3266=CARTESIAN_POINT('',(18.0000000000066,0.,12.9999999999943));
#3267=CARTESIAN_POINT('Origin',(17.0000000000066,0.,12.9999999999943));
#3268=CARTESIAN_POINT('',(17.0000000000066,0.,11.9999999999943));
#3269=CARTESIAN_POINT('Origin',(17.0000000000066,0.,12.9999999999943));
#3270=CARTESIAN_POINT('',(17.0000000000066,100.,11.9999999999943));
#3271=CARTESIAN_POINT('Origin',(17.0000000000066,100.,12.9999999999943));
#3272=CARTESIAN_POINT('',(17.0000000000066,0.,11.9999999999943));
#3273=CARTESIAN_POINT('Origin',(12.9999999999935,0.,11.9999999999943));
#3274=CARTESIAN_POINT('',(12.9999999999935,0.,11.9999999999943));
#3275=CARTESIAN_POINT('',(17.0000000000066,0.,11.9999999999943));
#3276=CARTESIAN_POINT('',(12.9999999999935,100.,11.9999999999943));
#3277=CARTESIAN_POINT('',(17.0000000000066,100.,11.9999999999943));
#3278=CARTESIAN_POINT('',(12.9999999999935,0.,11.9999999999943));
#3279=CARTESIAN_POINT('Origin',(12.9999999999935,0.,12.9999999999943));
#3280=CARTESIAN_POINT('',(11.9999999999935,0.,12.9999999999943));
#3281=CARTESIAN_POINT('Origin',(12.9999999999935,0.,12.9999999999943));
#3282=CARTESIAN_POINT('',(11.9999999999935,100.,12.9999999999943));
#3283=CARTESIAN_POINT('Origin',(12.9999999999935,100.,12.9999999999943));
#3284=CARTESIAN_POINT('',(11.9999999999935,0.,12.9999999999943));
#3285=CARTESIAN_POINT('Origin',(11.9999999999935,0.,17.0000000000074));
#3286=CARTESIAN_POINT('',(11.9999999999935,0.,17.0000000000074));
#3287=CARTESIAN_POINT('',(11.9999999999935,0.,12.9999999999943));
#3288=CARTESIAN_POINT('',(11.9999999999935,100.,17.0000000000074));
#3289=CARTESIAN_POINT('',(11.9999999999935,100.,12.9999999999943));
#3290=CARTESIAN_POINT('',(11.9999999999935,0.,17.0000000000074));
#3291=CARTESIAN_POINT('Origin',(12.9999999999935,0.,17.0000000000074));
#3292=CARTESIAN_POINT('',(12.9999999999935,0.,18.0000000000074));
#3293=CARTESIAN_POINT('Origin',(12.9999999999935,0.,17.0000000000074));
#3294=CARTESIAN_POINT('',(12.9999999999935,100.,18.0000000000074));
#3295=CARTESIAN_POINT('Origin',(12.9999999999935,100.,17.0000000000074));
#3296=CARTESIAN_POINT('',(12.9999999999935,0.,18.0000000000074));
#3297=CARTESIAN_POINT('Origin',(17.0000000000066,0.,18.0000000000074));
#3298=CARTESIAN_POINT('',(17.0000000000066,0.,18.0000000000074));
#3299=CARTESIAN_POINT('',(12.9999999999935,0.,18.0000000000074));
#3300=CARTESIAN_POINT('',(17.0000000000066,100.,18.0000000000074));
#3301=CARTESIAN_POINT('',(12.9999999999935,100.,18.0000000000074));
#3302=CARTESIAN_POINT('',(17.0000000000066,0.,18.0000000000074));
#3303=CARTESIAN_POINT('Origin',(17.0000000000066,0.,17.0000000000074));
#3304=CARTESIAN_POINT('Origin',(17.0000000000066,0.,17.0000000000074));
#3305=CARTESIAN_POINT('Origin',(17.0000000000066,100.,17.0000000000074));
#3306=CARTESIAN_POINT('Origin',(5.10000000035761,0.,14.5999999980112));
#3307=CARTESIAN_POINT('',(5.09999999921886,0.,19.999999998484));
#3308=CARTESIAN_POINT('',(5.10000000035761,0.,14.5999999980112));
#3309=CARTESIAN_POINT('',(5.09999999921886,0.,19.999999998484));
#3310=CARTESIAN_POINT('',(5.09999999921886,100.,19.999999998484));
#3311=CARTESIAN_POINT('',(5.09999999921886,0.,19.999999998484));
#3312=CARTESIAN_POINT('',(5.10000000035761,100.,14.5999999980112));
#3313=CARTESIAN_POINT('',(5.09999999921886,100.,19.999999998484));
#3314=CARTESIAN_POINT('',(5.10000000035761,0.,14.5999999980112));
#3315=CARTESIAN_POINT('Origin',(10.1249999998206,0.,14.599999998127));
#3316=CARTESIAN_POINT('',(10.1249999998206,0.,14.599999998127));
#3317=CARTESIAN_POINT('',(5.10000000035761,0.,14.5999999980112));
#3318=CARTESIAN_POINT('',(10.1249999998206,100.,14.599999998127));
#3319=CARTESIAN_POINT('',(5.10000000035761,100.,14.5999999980112));
#3320=CARTESIAN_POINT('',(10.1249999998206,0.,14.599999998127));
#3321=CARTESIAN_POINT('Origin',(10.1249999991497,0.,12.0341883097188));
#3322=CARTESIAN_POINT('',(10.1249999991497,0.,12.0341883097188));
#3323=CARTESIAN_POINT('',(10.1249999991497,0.,12.0341883097188));
#3324=CARTESIAN_POINT('',(10.1249999991497,100.,12.0341883097188));
#3325=CARTESIAN_POINT('',(10.1249999991497,100.,12.0341883097188));
#3326=CARTESIAN_POINT('',(10.1249999991497,0.,12.0341883097188));
#3327=CARTESIAN_POINT('Origin',(5.49081168934863,0.,7.39999999852817));
#3328=CARTESIAN_POINT('',(5.49081168934863,0.,7.39999999852817));
#3329=CARTESIAN_POINT('',(5.49081168934863,0.,7.39999999852817));
#3330=CARTESIAN_POINT('',(5.49081168934863,100.,7.39999999852817));
#3331=CARTESIAN_POINT('',(5.49081168934863,100.,7.39999999852817));
#3332=CARTESIAN_POINT('',(5.49081168934863,0.,7.39999999852817));
#3333=CARTESIAN_POINT('Origin',(0.210000000135131,0.,7.39999999842171));
#3334=CARTESIAN_POINT('',(0.210000000135131,0.,7.39999999842171));
#3335=CARTESIAN_POINT('',(0.210000000135131,0.,7.39999999842171));
#3336=CARTESIAN_POINT('',(0.210000000135131,100.,7.39999999842171));
#3337=CARTESIAN_POINT('',(0.210000000135131,100.,7.39999999842171));
#3338=CARTESIAN_POINT('',(0.210000000135131,0.,7.39999999842171));
#3339=CARTESIAN_POINT('Origin',(6.62764981784747E-12,0.,7.18999999825782));
#3340=CARTESIAN_POINT('',(6.62764981784747E-12,0.,7.18999999825782));
#3341=CARTESIAN_POINT('',(0.210000000135131,0.,7.39999999842171));
#3342=CARTESIAN_POINT('',(6.62803145701218E-12,100.,7.18999999825782));
#3343=CARTESIAN_POINT('',(0.210000000135131,100.,7.39999999842171));
#3344=CARTESIAN_POINT('',(6.62764981784747E-12,0.,7.18999999825782));
#3345=CARTESIAN_POINT('Origin',(-0.209999999993142,0.,7.39999999841383));
#3346=CARTESIAN_POINT('',(-0.209999999993142,0.,7.39999999841383));
#3347=CARTESIAN_POINT('',(-0.209999999993142,0.,7.39999999841383));
#3348=CARTESIAN_POINT('',(-0.209999999993142,100.,7.39999999841383));
#3349=CARTESIAN_POINT('',(-0.209999999993142,100.,7.39999999841383));
#3350=CARTESIAN_POINT('',(-0.209999999993142,0.,7.39999999841383));
#3351=CARTESIAN_POINT('Origin',(-5.49081168932861,0.,7.39999999848809));
#3352=CARTESIAN_POINT('',(-5.49081168932861,0.,7.39999999848809));
#3353=CARTESIAN_POINT('',(-5.49081168932861,0.,7.39999999848809));
#3354=CARTESIAN_POINT('',(-5.49081168932861,100.,7.39999999848809));
#3355=CARTESIAN_POINT('',(-5.49081168932861,100.,7.39999999848809));
#3356=CARTESIAN_POINT('',(-5.49081168932861,0.,7.39999999848809));
#3357=CARTESIAN_POINT('Origin',(-10.1249999997767,0.,12.0341883090443));
#3358=CARTESIAN_POINT('',(-10.1249999997767,0.,12.0341883090443));
#3359=CARTESIAN_POINT('',(-10.1249999997767,0.,12.0341883090443));
#3360=CARTESIAN_POINT('',(-10.1249999997767,100.,12.0341883090443));
#3361=CARTESIAN_POINT('',(-10.1249999997767,100.,12.0341883090443));
#3362=CARTESIAN_POINT('',(-10.1249999997767,0.,12.0341883090443));
#3363=CARTESIAN_POINT('Origin',(-10.1249999999366,0.,14.5999999981326));
#3364=CARTESIAN_POINT('',(-10.1249999999366,0.,14.5999999981326));
#3365=CARTESIAN_POINT('',(-10.1249999999366,0.,14.5999999981326));
#3366=CARTESIAN_POINT('',(-10.1249999999366,100.,14.5999999981326));
#3367=CARTESIAN_POINT('',(-10.1249999999366,100.,14.5999999981326));
#3368=CARTESIAN_POINT('',(-10.1249999999366,0.,14.5999999981326));
#3369=CARTESIAN_POINT('Origin',(-5.0999999993957,0.,14.5999999983105));
#3370=CARTESIAN_POINT('',(-5.0999999993957,0.,14.5999999983105));
#3371=CARTESIAN_POINT('',(-5.0999999993957,0.,14.5999999983105));
#3372=CARTESIAN_POINT('',(-5.0999999993957,100.,14.5999999983105));
#3373=CARTESIAN_POINT('',(-5.0999999993957,100.,14.5999999983105));
#3374=CARTESIAN_POINT('',(-5.0999999993957,0.,14.5999999983105));
#3375=CARTESIAN_POINT('Origin',(-5.09999999978553,0.,19.9999999983112));
#3376=CARTESIAN_POINT('',(-5.09999999978553,0.,19.9999999983112));
#3377=CARTESIAN_POINT('',(-5.09999999978553,0.,19.9999999983112));
#3378=CARTESIAN_POINT('',(-5.09999999978553,100.,19.9999999983112));
#3379=CARTESIAN_POINT('',(-5.09999999978553,100.,19.9999999983112));
#3380=CARTESIAN_POINT('',(-5.09999999978553,0.,19.9999999983112));
#3381=CARTESIAN_POINT('Origin',(-16.9999999998266,0.,20.0000000014676));
#3382=CARTESIAN_POINT('',(-16.9999999998266,0.,20.0000000014676));
#3383=CARTESIAN_POINT('',(-16.9999999998266,0.,20.0000000014676));
#3384=CARTESIAN_POINT('',(-16.9999999998266,100.,20.0000000014676));
#3385=CARTESIAN_POINT('',(-16.9999999998266,100.,20.0000000014676));
#3386=CARTESIAN_POINT('',(-16.9999999998266,0.,20.0000000014676));
#3387=CARTESIAN_POINT('Origin',(-16.9999999998393,0.,17.0000000014542));
#3388=CARTESIAN_POINT('',(-19.9999999998403,0.,17.0000000017643));
#3389=CARTESIAN_POINT('Origin',(-16.9999999998393,0.,17.0000000014542));
#3390=CARTESIAN_POINT('',(-19.9999999998403,100.,17.0000000017643));
#3391=CARTESIAN_POINT('Origin',(-16.9999999998393,100.,17.0000000014542));
#3392=CARTESIAN_POINT('',(-19.9999999998403,0.,17.0000000017643));
#3393=CARTESIAN_POINT('Origin',(-20.0000000007305,0.,5.10000000086654));
#3394=CARTESIAN_POINT('',(-20.0000000007305,0.,5.10000000086654));
#3395=CARTESIAN_POINT('',(-20.0000000007305,0.,5.10000000086618));
#3396=CARTESIAN_POINT('',(-20.0000000007305,100.,5.10000000086654));
#3397=CARTESIAN_POINT('',(-20.0000000007305,100.,5.10000000086618));
#3398=CARTESIAN_POINT('',(-20.0000000007305,0.,5.10000000086654));
#3399=CARTESIAN_POINT('Origin',(-14.600000000888,0.,5.10000000094218));
#3400=CARTESIAN_POINT('',(-14.600000000888,0.,5.10000000094218));
#3401=CARTESIAN_POINT('',(-14.600000000888,0.,5.10000000094218));
#3402=CARTESIAN_POINT('',(-14.600000000888,100.,5.10000000094218));
#3403=CARTESIAN_POINT('',(-14.600000000888,100.,5.10000000094218));
#3404=CARTESIAN_POINT('',(-14.600000000888,0.,5.10000000094218));
#3405=CARTESIAN_POINT('Origin',(-14.6000000008853,0.,10.1250000006239));
#3406=CARTESIAN_POINT('',(-14.6000000008853,0.,10.1250000006239));
#3407=CARTESIAN_POINT('',(-14.6000000008853,0.,10.1250000006239));
#3408=CARTESIAN_POINT('',(-14.6000000008853,100.,10.1250000006239));
#3409=CARTESIAN_POINT('',(-14.6000000008853,100.,10.1250000006239));
#3410=CARTESIAN_POINT('',(-14.6000000008853,0.,10.1250000006239));
#3411=CARTESIAN_POINT('Origin',(-12.0341883079293,0.,10.1250000002828));
#3412=CARTESIAN_POINT('',(-12.0341883079293,0.,10.1250000002828));
#3413=CARTESIAN_POINT('',(-12.0341883079293,0.,10.1250000002828));
#3414=CARTESIAN_POINT('',(-12.0341883079293,100.,10.1250000002828));
#3415=CARTESIAN_POINT('',(-12.0341883079293,100.,10.1250000002828));
#3416=CARTESIAN_POINT('',(-12.0341883079293,0.,10.1250000002828));
#3417=CARTESIAN_POINT('Origin',(-7.39999999689026,0.,5.49081168920896));
#3418=CARTESIAN_POINT('',(-7.39999999689026,0.,5.49081168920896));
#3419=CARTESIAN_POINT('',(-7.39999999689026,0.,5.49081168920896));
#3420=CARTESIAN_POINT('',(-7.39999999689026,100.,5.49081168920896));
#3421=CARTESIAN_POINT('',(-7.39999999689026,100.,5.49081168920896));
#3422=CARTESIAN_POINT('',(-7.39999999689026,0.,5.49081168920896));
#3423=CARTESIAN_POINT('Origin',(-7.3999999968932,0.,0.209999999008383));
#3424=CARTESIAN_POINT('',(-7.3999999968932,0.,0.209999999008383));
#3425=CARTESIAN_POINT('',(-7.3999999968932,0.,0.209999999008383));
#3426=CARTESIAN_POINT('',(-7.3999999968932,100.,0.209999999008383));
#3427=CARTESIAN_POINT('',(-7.3999999968932,100.,0.209999999008383));
#3428=CARTESIAN_POINT('',(-7.3999999968932,0.,0.209999999008383));
#3429=CARTESIAN_POINT('Origin',(-7.18999999689203,0.,3.30915850277336E-13));
#3430=CARTESIAN_POINT('',(-7.18999999689203,0.,3.30915850277336E-13));
#3431=CARTESIAN_POINT('',(-7.3999999968932,0.,0.209999999008383));
#3432=CARTESIAN_POINT('',(-7.18999999689203,100.,3.30846461338297E-13));
#3433=CARTESIAN_POINT('',(-7.3999999968932,100.,0.209999999008383));
#3434=CARTESIAN_POINT('',(-7.18999999689203,0.,3.30915850277336E-13));
#3435=CARTESIAN_POINT('Origin',(-7.39999999689322,0.,-0.209999998676391));
#3436=CARTESIAN_POINT('',(-7.39999999689322,0.,-0.209999998676391));
#3437=CARTESIAN_POINT('',(-7.39999999689322,0.,-0.209999998676391));
#3438=CARTESIAN_POINT('',(-7.39999999689322,100.,-0.209999998676391));
#3439=CARTESIAN_POINT('',(-7.39999999689322,100.,-0.209999998676391));
#3440=CARTESIAN_POINT('',(-7.39999999689322,0.,-0.209999998676391));
#3441=CARTESIAN_POINT('Origin',(-7.39999999688164,0.,-5.49081168920535));
#3442=CARTESIAN_POINT('',(-7.39999999688164,0.,-5.49081168920535));
#3443=CARTESIAN_POINT('',(-7.39999999689322,0.,-0.209999998676391));
#3444=CARTESIAN_POINT('',(-7.39999999688164,100.,-5.49081168920535));
#3445=CARTESIAN_POINT('',(-7.39999999689322,100.,-0.209999998676391));
#3446=CARTESIAN_POINT('',(-7.39999999688164,0.,-5.49081168920535));
#3447=CARTESIAN_POINT('Origin',(-12.0341883079302,0.,-10.1250000001583));
#3448=CARTESIAN_POINT('',(-12.0341883079302,0.,-10.1250000001583));
#3449=CARTESIAN_POINT('',(-7.39999999688164,0.,-5.49081168920535));
#3450=CARTESIAN_POINT('',(-12.0341883079302,100.,-10.1250000001583));
#3451=CARTESIAN_POINT('',(-7.39999999688164,100.,-5.49081168920535));
#3452=CARTESIAN_POINT('',(-12.0341883079302,0.,-10.1250000001583));
#3453=CARTESIAN_POINT('Origin',(-14.6000000007099,0.,-10.1250000001446));
#3454=CARTESIAN_POINT('',(-14.6000000007099,0.,-10.1250000001446));
#3455=CARTESIAN_POINT('',(-12.0341883079302,0.,-10.1250000001583));
#3456=CARTESIAN_POINT('',(-14.6000000007099,100.,-10.1250000001446));
#3457=CARTESIAN_POINT('',(-12.0341883079302,100.,-10.1250000001583));
#3458=CARTESIAN_POINT('',(-14.6000000007099,0.,-10.1250000001446));
#3459=CARTESIAN_POINT('Origin',(-14.600000000719,0.,-5.09999999997195));
#3460=CARTESIAN_POINT('',(-14.600000000719,0.,-5.09999999997195));
#3461=CARTESIAN_POINT('',(-14.6000000007099,0.,-10.1250000001446));
#3462=CARTESIAN_POINT('',(-14.600000000719,100.,-5.09999999997195));
#3463=CARTESIAN_POINT('',(-14.6000000007099,100.,-10.1250000001446));
#3464=CARTESIAN_POINT('',(-14.600000000719,0.,-5.09999999997195));
#3465=CARTESIAN_POINT('Origin',(-20.0000000007309,0.,-5.10000000027995));
#3466=CARTESIAN_POINT('',(-20.0000000007309,0.,-5.10000000027995));
#3467=CARTESIAN_POINT('',(-14.600000000719,0.,-5.09999999997195));
#3468=CARTESIAN_POINT('',(-20.0000000007309,100.,-5.10000000027994));
#3469=CARTESIAN_POINT('',(-14.600000000719,100.,-5.09999999997195));
#3470=CARTESIAN_POINT('',(-20.0000000007309,0.,-5.10000000027995));
#3471=CARTESIAN_POINT('Origin',(-20.0000000007094,0.,-17.0000000011573));
#3472=CARTESIAN_POINT('',(-19.9999999999686,0.,-17.0000000011573));
#3473=CARTESIAN_POINT('',(-20.0000000007309,0.,-5.10000000027995));
#3474=CARTESIAN_POINT('',(-19.9999999999686,100.,-17.0000000011573));
#3475=CARTESIAN_POINT('',(-20.0000000007309,100.,-5.10000000027995));
#3476=CARTESIAN_POINT('',(-19.9999999999686,0.,-17.0000000011573));
#3477=CARTESIAN_POINT('Origin',(-16.9999999997917,0.,-17.0000000012726));
#3478=CARTESIAN_POINT('',(-16.9999999997873,0.,-20.0000000014496));
#3479=CARTESIAN_POINT('Origin',(-16.9999999997917,0.,-17.0000000012726));
#3480=CARTESIAN_POINT('',(-16.9999999997873,100.,-20.0000000014496));
#3481=CARTESIAN_POINT('Origin',(-16.9999999997917,100.,-17.0000000012726));
#3482=CARTESIAN_POINT('',(-16.9999999997873,0.,-20.0000000014496));
#3483=CARTESIAN_POINT('Origin',(-5.09999999970731,0.,-19.9999999984287));
#3484=CARTESIAN_POINT('',(-5.09999999970731,0.,-19.9999999984287));
#3485=CARTESIAN_POINT('',(-16.9999999997873,0.,-20.0000000014496));
#3486=CARTESIAN_POINT('',(-5.09999999970731,100.,-19.9999999984287));
#3487=CARTESIAN_POINT('',(-16.9999999997873,100.,-20.0000000014496));
#3488=CARTESIAN_POINT('',(-5.09999999970731,0.,-19.9999999984287));
#3489=CARTESIAN_POINT('Origin',(-5.09999999962745,0.,-14.5999999984567));
#3490=CARTESIAN_POINT('',(-5.09999999962745,0.,-14.5999999984567));
#3491=CARTESIAN_POINT('',(-5.09999999970731,0.,-19.9999999984287));
#3492=CARTESIAN_POINT('',(-5.09999999962745,100.,-14.5999999984567));
#3493=CARTESIAN_POINT('',(-5.09999999970731,100.,-19.9999999984287));
#3494=CARTESIAN_POINT('',(-5.09999999962745,0.,-14.5999999984567));
#3495=CARTESIAN_POINT('Origin',(-10.1249999998404,0.,-14.5999999984054));
#3496=CARTESIAN_POINT('',(-10.1249999998404,0.,-14.5999999984054));
#3497=CARTESIAN_POINT('',(-5.09999999962745,0.,-14.5999999984567));
#3498=CARTESIAN_POINT('',(-10.1249999998404,100.,-14.5999999984054));
#3499=CARTESIAN_POINT('',(-5.09999999962745,100.,-14.5999999984567));
#3500=CARTESIAN_POINT('',(-10.1249999998404,0.,-14.5999999984054));
#3501=CARTESIAN_POINT('Origin',(-10.1249999998293,0.,-12.0341883091149));
#3502=CARTESIAN_POINT('',(-10.1249999998293,0.,-12.0341883091149));
#3503=CARTESIAN_POINT('',(-10.1249999998404,0.,-14.5999999984054));
#3504=CARTESIAN_POINT('',(-10.1249999998293,100.,-12.0341883091149));
#3505=CARTESIAN_POINT('',(-10.1249999998404,100.,-14.5999999984054));
#3506=CARTESIAN_POINT('',(-10.1249999998293,0.,-12.0341883091149));
#3507=CARTESIAN_POINT('Origin',(-5.49081168945181,0.,-7.39999999843057));
#3508=CARTESIAN_POINT('',(-5.49081168945181,0.,-7.39999999843057));
#3509=CARTESIAN_POINT('',(-10.1249999998293,0.,-12.0341883091149));
#3510=CARTESIAN_POINT('',(-5.49081168945181,100.,-7.39999999843057));
#3511=CARTESIAN_POINT('',(-10.1249999998293,100.,-12.0341883091149));
#3512=CARTESIAN_POINT('',(-5.49081168945181,0.,-7.39999999843057));
#3513=CARTESIAN_POINT('Origin',(-0.209999999992718,0.,-7.39999999847439));
#3514=CARTESIAN_POINT('',(-0.209999999992718,0.,-7.39999999847439));
#3515=CARTESIAN_POINT('',(-5.49081168945181,0.,-7.39999999843057));
#3516=CARTESIAN_POINT('',(-0.209999999992718,100.,-7.39999999847439));
#3517=CARTESIAN_POINT('',(-5.49081168945181,100.,-7.39999999843057));
#3518=CARTESIAN_POINT('',(-0.209999999992718,0.,-7.39999999847439));
#3519=CARTESIAN_POINT('Origin',(6.00137994855032E-12,0.,-7.18999999847378));
#3520=CARTESIAN_POINT('',(6.00137994855032E-12,0.,-7.18999999847378));
#3521=CARTESIAN_POINT('',(-0.209999999992718,0.,-7.39999999847439));
#3522=CARTESIAN_POINT('',(6.0018656711236E-12,100.,-7.18999999847378));
#3523=CARTESIAN_POINT('',(-0.209999999992718,100.,-7.39999999847439));
#3524=CARTESIAN_POINT('',(6.00137994855032E-12,0.,-7.18999999847378));
#3525=CARTESIAN_POINT('Origin',(0.21000000000508,0.,-7.39999999847487));
#3526=CARTESIAN_POINT('',(0.21000000000508,0.,-7.39999999847487));
#3527=CARTESIAN_POINT('',(0.21000000000508,0.,-7.39999999847487));
#3528=CARTESIAN_POINT('',(0.210000000005079,100.,-7.39999999847486));
#3529=CARTESIAN_POINT('',(0.21000000000508,100.,-7.39999999847487));
#3530=CARTESIAN_POINT('',(0.21000000000508,0.,-7.39999999847487));
#3531=CARTESIAN_POINT('Origin',(5.49081168947135,0.,-7.39999999831206));
#3532=CARTESIAN_POINT('',(5.49081168947135,0.,-7.39999999831206));
#3533=CARTESIAN_POINT('',(0.21000000000508,0.,-7.39999999847487));
#3534=CARTESIAN_POINT('',(5.49081168947136,100.,-7.39999999831206));
#3535=CARTESIAN_POINT('',(0.21000000000508,100.,-7.39999999847487));
#3536=CARTESIAN_POINT('',(5.49081168947135,0.,-7.39999999831206));
#3537=CARTESIAN_POINT('Origin',(10.1249999990789,0.,-12.0341883084451));
#3538=CARTESIAN_POINT('',(10.1249999990789,0.,-12.0341883084451));
#3539=CARTESIAN_POINT('',(5.49081168947135,0.,-7.39999999831206));
#3540=CARTESIAN_POINT('',(10.1249999990789,100.,-12.0341883084451));
#3541=CARTESIAN_POINT('',(5.49081168947135,100.,-7.39999999831206));
#3542=CARTESIAN_POINT('',(10.1249999990789,0.,-12.0341883084451));
#3543=CARTESIAN_POINT('Origin',(10.1250000001325,0.,-14.599999997999));
#3544=CARTESIAN_POINT('',(10.1250000001325,0.,-14.599999997999));
#3545=CARTESIAN_POINT('',(10.1249999990789,0.,-12.0341883084451));
#3546=CARTESIAN_POINT('',(10.1250000001325,100.,-14.599999997999));
#3547=CARTESIAN_POINT('',(10.1249999990789,100.,-12.0341883084451));
#3548=CARTESIAN_POINT('',(10.1250000001325,0.,-14.599999997999));
#3549=CARTESIAN_POINT('Origin',(5.09999999969136,0.,-14.5999999979911));
#3550=CARTESIAN_POINT('',(5.09999999969136,0.,-14.5999999979911));
#3551=CARTESIAN_POINT('',(5.09999999969136,0.,-14.5999999979911));
#3552=CARTESIAN_POINT('',(5.09999999969136,100.,-14.5999999979911));
#3553=CARTESIAN_POINT('',(5.09999999969136,100.,-14.5999999979911));
#3554=CARTESIAN_POINT('',(5.09999999969136,0.,-14.5999999979911));
#3555=CARTESIAN_POINT('Origin',(5.09999999964608,0.,-19.9999999981329));
#3556=CARTESIAN_POINT('',(5.09999999964608,0.,-19.9999999981329));
#3557=CARTESIAN_POINT('',(5.09999999964608,0.,-19.9999999981329));
#3558=CARTESIAN_POINT('',(5.09999999964608,100.,-19.9999999981329));
#3559=CARTESIAN_POINT('',(5.09999999964608,100.,-19.9999999981329));
#3560=CARTESIAN_POINT('',(5.09999999964608,0.,-19.9999999981329));
#3561=CARTESIAN_POINT('Origin',(16.9999999999756,0.,-19.9999999999932));
#3562=CARTESIAN_POINT('',(16.9999999999756,0.,-20.0000000004738));
#3563=CARTESIAN_POINT('',(5.09999999964608,0.,-19.9999999981329));
#3564=CARTESIAN_POINT('',(16.9999999999756,100.,-20.0000000004738));
#3565=CARTESIAN_POINT('',(5.09999999964608,100.,-19.9999999981329));
#3566=CARTESIAN_POINT('',(16.9999999999756,0.,-20.0000000004738));
#3567=CARTESIAN_POINT('Origin',(16.9999999999999,0.,-16.9999999999712));
#3568=CARTESIAN_POINT('',(20.0000000005025,0.,-17.0000000000693));
#3569=CARTESIAN_POINT('Origin',(16.9999999999999,0.,-16.9999999999712));
#3570=CARTESIAN_POINT('',(20.0000000005025,100.,-17.0000000000693));
#3571=CARTESIAN_POINT('Origin',(16.9999999999999,100.,-16.9999999999712));
#3572=CARTESIAN_POINT('',(20.0000000005025,0.,-17.0000000000693));
#3573=CARTESIAN_POINT('Origin',(19.999999999905,0.,-5.09999999967011));
#3574=CARTESIAN_POINT('',(19.999999999905,0.,-5.09999999967011));
#3575=CARTESIAN_POINT('',(20.0000000005025,0.,-17.0000000000693));
#3576=CARTESIAN_POINT('',(19.999999999905,100.,-5.09999999967011));
#3577=CARTESIAN_POINT('',(20.0000000005025,100.,-17.0000000000693));
#3578=CARTESIAN_POINT('',(19.999999999905,0.,-5.09999999967011));
#3579=CARTESIAN_POINT('Origin',(14.5999999998895,0.,-5.09999999979287));
#3580=CARTESIAN_POINT('',(14.5999999998895,0.,-5.09999999979287));
#3581=CARTESIAN_POINT('',(19.999999999905,0.,-5.09999999967011));
#3582=CARTESIAN_POINT('',(14.5999999998895,100.,-5.09999999979287));
#3583=CARTESIAN_POINT('',(19.999999999905,100.,-5.09999999967011));
#3584=CARTESIAN_POINT('',(14.5999999998895,0.,-5.09999999979287));
#3585=CARTESIAN_POINT('Origin',(14.5999999998927,0.,-10.1250000001565));
#3586=CARTESIAN_POINT('',(14.5999999998927,0.,-10.1250000001565));
#3587=CARTESIAN_POINT('',(14.5999999998895,0.,-5.09999999979287));
#3588=CARTESIAN_POINT('',(14.5999999998927,100.,-10.1250000001565));
#3589=CARTESIAN_POINT('',(14.5999999998895,100.,-5.09999999979287));
#3590=CARTESIAN_POINT('',(14.5999999998927,0.,-10.1250000001565));
#3591=CARTESIAN_POINT('Origin',(12.0341883082688,0.,-10.1249999992298));
#3592=CARTESIAN_POINT('',(12.0341883082688,0.,-10.1249999992298));
#3593=CARTESIAN_POINT('',(14.5999999998927,0.,-10.1250000001565));
#3594=CARTESIAN_POINT('',(12.0341883082688,100.,-10.1249999992298));
#3595=CARTESIAN_POINT('',(14.5999999998927,100.,-10.1250000001565));
#3596=CARTESIAN_POINT('',(12.0341883082688,0.,-10.1249999992298));
#3597=CARTESIAN_POINT('Origin',(7.39999999688302,0.,-5.4908116892688));
#3598=CARTESIAN_POINT('',(7.39999999688302,0.,-5.4908116892688));
#3599=CARTESIAN_POINT('',(12.0341883082688,0.,-10.1249999992298));
#3600=CARTESIAN_POINT('',(7.39999999688302,100.,-5.4908116892688));
#3601=CARTESIAN_POINT('',(12.0341883082688,100.,-10.1249999992298));
#3602=CARTESIAN_POINT('',(7.39999999688302,0.,-5.4908116892688));
#3603=CARTESIAN_POINT('Origin',(7.39999999646048,0.,-0.209999999006727));
#3604=CARTESIAN_POINT('',(7.39999999646048,0.,-0.209999999006727));
#3605=CARTESIAN_POINT('',(7.39999999688302,0.,-5.4908116892688));
#3606=CARTESIAN_POINT('',(7.39999999646048,100.,-0.209999999006727));
#3607=CARTESIAN_POINT('',(7.39999999688302,100.,-5.4908116892688));
#3608=CARTESIAN_POINT('',(7.39999999646048,0.,-0.209999999006727));
#3609=CARTESIAN_POINT('Origin',(7.1899999967075,0.,2.41945699586132E-11));
#3610=CARTESIAN_POINT('',(7.18999999641946,0.,2.19650686528183E-13));
#3611=CARTESIAN_POINT('',(7.39999999646048,0.,-0.209999999006727));
#3612=CARTESIAN_POINT('',(7.18999999641946,100.,2.19824158875781E-13));
#3613=CARTESIAN_POINT('',(7.39999999646048,100.,-0.209999999006727));
#3614=CARTESIAN_POINT('',(7.18999999641946,0.,2.19650686528183E-13));
#3615=CARTESIAN_POINT('Origin',(7.39999999660504,0.,0.210000000066289));
#3616=CARTESIAN_POINT('',(7.39999999660504,0.,0.210000000066289));
#3617=CARTESIAN_POINT('',(7.39999999660504,0.,0.210000000066289));
#3618=CARTESIAN_POINT('',(7.39999999660504,100.,0.210000000066288));
#3619=CARTESIAN_POINT('',(7.39999999660504,100.,0.210000000066289));
#3620=CARTESIAN_POINT('',(7.39999999660504,0.,0.210000000066289));
#3621=CARTESIAN_POINT('Origin',(7.39999999679205,0.,5.49081168932865));
#3622=CARTESIAN_POINT('',(7.39999999679205,0.,5.49081168932865));
#3623=CARTESIAN_POINT('',(7.39999999679205,0.,5.49081168932865));
#3624=CARTESIAN_POINT('',(7.39999999679205,100.,5.49081168932865));
#3625=CARTESIAN_POINT('',(7.39999999679205,100.,5.49081168932865));
#3626=CARTESIAN_POINT('',(7.39999999679205,0.,5.49081168932865));
#3627=CARTESIAN_POINT('Origin',(12.03418830853,0.,10.1250000005458));
#3628=CARTESIAN_POINT('',(12.03418830853,0.,10.1250000005458));
#3629=CARTESIAN_POINT('',(12.03418830853,0.,10.1250000005458));
#3630=CARTESIAN_POINT('',(12.03418830853,100.,10.1250000005458));
#3631=CARTESIAN_POINT('',(12.03418830853,100.,10.1250000005458));
#3632=CARTESIAN_POINT('',(12.03418830853,0.,10.1250000005458));
#3633=CARTESIAN_POINT('Origin',(14.5999999998904,0.,10.1250000000503));
#3634=CARTESIAN_POINT('',(14.5999999998904,0.,10.1250000000503));
#3635=CARTESIAN_POINT('',(14.5999999998904,0.,10.1250000000503));
#3636=CARTESIAN_POINT('',(14.5999999998904,100.,10.1250000000503));
#3637=CARTESIAN_POINT('',(14.5999999998904,100.,10.1250000000503));
#3638=CARTESIAN_POINT('',(14.5999999998904,0.,10.1250000000503));
#3639=CARTESIAN_POINT('Origin',(14.5999999998673,0.,5.10000000019169));
#3640=CARTESIAN_POINT('',(14.5999999998673,0.,5.10000000019169));
#3641=CARTESIAN_POINT('',(14.5999999998673,0.,5.10000000019169));
#3642=CARTESIAN_POINT('',(14.5999999998673,100.,5.10000000019169));
#3643=CARTESIAN_POINT('',(14.5999999998673,100.,5.10000000019169));
#3644=CARTESIAN_POINT('',(14.5999999998673,0.,5.10000000019169));
#3645=CARTESIAN_POINT('Origin',(19.9999999999189,0.,5.09999999973995));
#3646=CARTESIAN_POINT('',(19.9999999999189,0.,5.09999999971267));
#3647=CARTESIAN_POINT('',(19.9999999999189,0.,5.09999999973995));
#3648=CARTESIAN_POINT('',(19.9999999999189,100.,5.09999999971267));
#3649=CARTESIAN_POINT('',(19.9999999999189,100.,5.09999999973995));
#3650=CARTESIAN_POINT('',(19.9999999999189,0.,5.09999999971267));
#3651=CARTESIAN_POINT('Origin',(19.999999999412,0.,17.0000000000675));
#3652=CARTESIAN_POINT('',(19.999999999412,0.,17.0000000000675));
#3653=CARTESIAN_POINT('',(19.999999999412,0.,17.0000000000675));
#3654=CARTESIAN_POINT('',(19.999999999412,100.,17.0000000000675));
#3655=CARTESIAN_POINT('',(19.999999999412,100.,17.0000000000675));
#3656=CARTESIAN_POINT('',(19.999999999412,0.,17.0000000000675));
#3657=CARTESIAN_POINT('Origin',(16.99999999998,0.,17.0000000000057));
#3658=CARTESIAN_POINT('',(16.9999999999663,0.,20.0000000000057));
#3659=CARTESIAN_POINT('Origin',(16.99999999998,0.,17.0000000000057));
#3660=CARTESIAN_POINT('',(16.9999999999663,100.,20.0000000000057));
#3661=CARTESIAN_POINT('Origin',(16.99999999998,100.,17.0000000000057));
#3662=CARTESIAN_POINT('',(16.9999999999663,0.,20.0000000000057));
#3663=CARTESIAN_POINT('Origin',(5.0999999996407,0.,19.9999999980111));
#3664=CARTESIAN_POINT('',(5.0999999996407,0.,19.9999999980111));
#3665=CARTESIAN_POINT('',(5.0999999996407,100.,19.9999999980111));
#3666=CARTESIAN_POINT('Origin',(-1.14228626557633E-10,100.,9.01945185205477E-12));
#3667=CARTESIAN_POINT('Origin',(-1.14228626557633E-10,0.,9.01945185205477E-12));
#3668=UNCERTAINTY_MEASURE_WITH_UNIT(LENGTH_MEASURE(0.01),#3672,
'DISTANCE_ACCURACY_VALUE',
'Maximum model space distance between geometric entities at asserted c
onnectivities');
#3669=UNCERTAINTY_MEASURE_WITH_UNIT(LENGTH_MEASURE(0.01),#3672,
'DISTANCE_ACCURACY_VALUE',
'Maximum model space distance between geometric entities at asserted c
onnectivities');
#3670=(
GEOMETRIC_REPRESENTATION_CONTEXT(3)
GLOBAL_UNCERTAINTY_ASSIGNED_CONTEXT((#3668))
GLOBAL_UNIT_ASSIGNED_CONTEXT((#3672,#3673,#3674))
REPRESENTATION_CONTEXT('','3D')
);
#3671=(
GEOMETRIC_REPRESENTATION_CONTEXT(3)
GLOBAL_UNCERTAINTY_ASSIGNED_CONTEXT((#3669))
GLOBAL_UNIT_ASSIGNED_CONTEXT((#3672,#3673,#3674))
REPRESENTATION_CONTEXT('','3D')
);
#3672=(
LENGTH_UNIT()
NAMED_UNIT(*)
SI_UNIT(.MILLI.,.METRE.)
);
#3673=(
NAMED_UNIT(*)
PLANE_ANGLE_UNIT()
SI_UNIT($,.RADIAN.)
);
#3674=(
NAMED_UNIT(*)
SI_UNIT($,.STERADIAN.)
SOLID_ANGLE_UNIT()
);
#3675=SHAPE_DEFINITION_REPRESENTATION(#3676,#3677);
#3676=PRODUCT_DEFINITION_SHAPE('',$,#3679);
#3677=SHAPE_REPRESENTATION('',(#2264),#3670);
#3678=PRODUCT_DEFINITION_CONTEXT('part definition',#3683,'design');
#3679=PRODUCT_DEFINITION('4040B 40x40mm Type-B Profile',
'4040B 40x40mm Type-B Profile v5',#3680,#3678);
#3680=PRODUCT_DEFINITION_FORMATION('',$,#3685);
#3681=PRODUCT_RELATED_PRODUCT_CATEGORY(
'4040B 40x40mm Type-B Profile v5','4040B 40x40mm Type-B Profile v5',(#3685));
#3682=APPLICATION_PROTOCOL_DEFINITION('international standard',
'automotive_design',2009,#3683);
#3683=APPLICATION_CONTEXT(
'Core Data for Automotive Mechanical Design Process');
#3684=PRODUCT_CONTEXT('part definition',#3683,'mechanical');
#3685=PRODUCT('4040B 40x40mm Type-B Profile',
'4040B 40x40mm Type-B Profile v5',$,(#3684));
#3686=PRESENTATION_STYLE_ASSIGNMENT((#3687));
#3687=SURFACE_STYLE_USAGE(.BOTH.,#3688);
#3688=SURFACE_SIDE_STYLE('',(#3689));
#3689=SURFACE_STYLE_FILL_AREA(#3690);
#3690=FILL_AREA_STYLE('Steel - Satin',(#3691));
#3691=FILL_AREA_STYLE_COLOUR('Steel - Satin',#3692);
#3692=COLOUR_RGB('Steel - Satin',0.627450980392157,0.627450980392157,0.627450980392157);
ENDSEC;
END-ISO-10303-21;
